"14jt -- Varhaiskasvatukseen osallistuneet vieraskieliset ja ulkomaalaiset lapset alueen ja iän mukaan, 2021-2022"

"Vuosi";"Alue";"Ikä";"Vieraskieliset varhaiskasvatukseen osallistuneet lapset"
"2022";"KOKO MAA";"Yhteensä";28811
"2022";"KOKO MAA";"0 vuotta";63
"2022";"KOKO MAA";"1 vuotta";2026
"2022";"KOKO MAA";"2 vuotta";3953
"2022";"KOKO MAA";"3 vuotta";5089
"2022";"KOKO MAA";"4 vuotta";5801
"2022";"KOKO MAA";"5 vuotta";5951
"2022";"KOKO MAA";"6 vuotta";5679
"2022";"KOKO MAA";"7 vuotta ja yli";249
"2022";"Akaa";"Yhteensä";23
"2022";"Akaa";"0 vuotta";0
"2022";"Akaa";"1 vuotta";0
"2022";"Akaa";"2 vuotta";1
"2022";"Akaa";"3 vuotta";7
"2022";"Akaa";"4 vuotta";7
"2022";"Akaa";"5 vuotta";8
"2022";"Akaa";"6 vuotta";0
"2022";"Akaa";"7 vuotta ja yli";0
"2022";"Alajärvi";"Yhteensä";12
"2022";"Alajärvi";"0 vuotta";0
"2022";"Alajärvi";"1 vuotta";1
"2022";"Alajärvi";"2 vuotta";1
"2022";"Alajärvi";"3 vuotta";2
"2022";"Alajärvi";"4 vuotta";2
"2022";"Alajärvi";"5 vuotta";6
"2022";"Alajärvi";"6 vuotta";0
"2022";"Alajärvi";"7 vuotta ja yli";0
"2022";"Alavieska";"Yhteensä";5
"2022";"Alavieska";"0 vuotta";0
"2022";"Alavieska";"1 vuotta";0
"2022";"Alavieska";"2 vuotta";2
"2022";"Alavieska";"3 vuotta";0
"2022";"Alavieska";"4 vuotta";2
"2022";"Alavieska";"5 vuotta";1
"2022";"Alavieska";"6 vuotta";0
"2022";"Alavieska";"7 vuotta ja yli";0
"2022";"Alavus";"Yhteensä";21
"2022";"Alavus";"0 vuotta";0
"2022";"Alavus";"1 vuotta";0
"2022";"Alavus";"2 vuotta";2
"2022";"Alavus";"3 vuotta";3
"2022";"Alavus";"4 vuotta";5
"2022";"Alavus";"5 vuotta";5
"2022";"Alavus";"6 vuotta";5
"2022";"Alavus";"7 vuotta ja yli";1
"2022";"Asikkala";"Yhteensä";9
"2022";"Asikkala";"0 vuotta";0
"2022";"Asikkala";"1 vuotta";1
"2022";"Asikkala";"2 vuotta";0
"2022";"Asikkala";"3 vuotta";2
"2022";"Asikkala";"4 vuotta";1
"2022";"Asikkala";"5 vuotta";2
"2022";"Asikkala";"6 vuotta";3
"2022";"Asikkala";"7 vuotta ja yli";0
"2022";"Askola";"Yhteensä";3
"2022";"Askola";"0 vuotta";0
"2022";"Askola";"1 vuotta";0
"2022";"Askola";"2 vuotta";1
"2022";"Askola";"3 vuotta";0
"2022";"Askola";"4 vuotta";0
"2022";"Askola";"5 vuotta";1
"2022";"Askola";"6 vuotta";1
"2022";"Askola";"7 vuotta ja yli";0
"2022";"Aura";"Yhteensä";2
"2022";"Aura";"0 vuotta";0
"2022";"Aura";"1 vuotta";0
"2022";"Aura";"2 vuotta";1
"2022";"Aura";"3 vuotta";0
"2022";"Aura";"4 vuotta";1
"2022";"Aura";"5 vuotta";0
"2022";"Aura";"6 vuotta";0
"2022";"Aura";"7 vuotta ja yli";0
"2022";"Brändö";"Yhteensä";0
"2022";"Brändö";"0 vuotta";0
"2022";"Brändö";"1 vuotta";0
"2022";"Brändö";"2 vuotta";0
"2022";"Brändö";"3 vuotta";0
"2022";"Brändö";"4 vuotta";0
"2022";"Brändö";"5 vuotta";0
"2022";"Brändö";"6 vuotta";0
"2022";"Brändö";"7 vuotta ja yli";0
"2022";"Eckerö";"Yhteensä";0
"2022";"Eckerö";"0 vuotta";0
"2022";"Eckerö";"1 vuotta";0
"2022";"Eckerö";"2 vuotta";0
"2022";"Eckerö";"3 vuotta";0
"2022";"Eckerö";"4 vuotta";0
"2022";"Eckerö";"5 vuotta";0
"2022";"Eckerö";"6 vuotta";0
"2022";"Eckerö";"7 vuotta ja yli";0
"2022";"Enonkoski";"Yhteensä";3
"2022";"Enonkoski";"0 vuotta";0
"2022";"Enonkoski";"1 vuotta";0
"2022";"Enonkoski";"2 vuotta";1
"2022";"Enonkoski";"3 vuotta";1
"2022";"Enonkoski";"4 vuotta";0
"2022";"Enonkoski";"5 vuotta";0
"2022";"Enonkoski";"6 vuotta";1
"2022";"Enonkoski";"7 vuotta ja yli";0
"2022";"Enontekiö";"Yhteensä";6
"2022";"Enontekiö";"0 vuotta";0
"2022";"Enontekiö";"1 vuotta";1
"2022";"Enontekiö";"2 vuotta";1
"2022";"Enontekiö";"3 vuotta";0
"2022";"Enontekiö";"4 vuotta";2
"2022";"Enontekiö";"5 vuotta";1
"2022";"Enontekiö";"6 vuotta";1
"2022";"Enontekiö";"7 vuotta ja yli";0
"2022";"Espoo";"Yhteensä";4408
"2022";"Espoo";"0 vuotta";7
"2022";"Espoo";"1 vuotta";304
"2022";"Espoo";"2 vuotta";568
"2022";"Espoo";"3 vuotta";817
"2022";"Espoo";"4 vuotta";895
"2022";"Espoo";"5 vuotta";881
"2022";"Espoo";"6 vuotta";926
"2022";"Espoo";"7 vuotta ja yli";10
"2022";"Eura";"Yhteensä";25
"2022";"Eura";"0 vuotta";0
"2022";"Eura";"1 vuotta";2
"2022";"Eura";"2 vuotta";2
"2022";"Eura";"3 vuotta";1
"2022";"Eura";"4 vuotta";5
"2022";"Eura";"5 vuotta";8
"2022";"Eura";"6 vuotta";6
"2022";"Eura";"7 vuotta ja yli";1
"2022";"Eurajoki";"Yhteensä";7
"2022";"Eurajoki";"0 vuotta";0
"2022";"Eurajoki";"1 vuotta";0
"2022";"Eurajoki";"2 vuotta";0
"2022";"Eurajoki";"3 vuotta";4
"2022";"Eurajoki";"4 vuotta";1
"2022";"Eurajoki";"5 vuotta";1
"2022";"Eurajoki";"6 vuotta";1
"2022";"Eurajoki";"7 vuotta ja yli";0
"2022";"Evijärvi";"Yhteensä";2
"2022";"Evijärvi";"0 vuotta";0
"2022";"Evijärvi";"1 vuotta";0
"2022";"Evijärvi";"2 vuotta";0
"2022";"Evijärvi";"3 vuotta";0
"2022";"Evijärvi";"4 vuotta";0
"2022";"Evijärvi";"5 vuotta";2
"2022";"Evijärvi";"6 vuotta";0
"2022";"Evijärvi";"7 vuotta ja yli";0
"2022";"Finström";"Yhteensä";0
"2022";"Finström";"0 vuotta";0
"2022";"Finström";"1 vuotta";0
"2022";"Finström";"2 vuotta";0
"2022";"Finström";"3 vuotta";0
"2022";"Finström";"4 vuotta";0
"2022";"Finström";"5 vuotta";0
"2022";"Finström";"6 vuotta";0
"2022";"Finström";"7 vuotta ja yli";0
"2022";"Forssa";"Yhteensä";53
"2022";"Forssa";"0 vuotta";0
"2022";"Forssa";"1 vuotta";1
"2022";"Forssa";"2 vuotta";7
"2022";"Forssa";"3 vuotta";11
"2022";"Forssa";"4 vuotta";11
"2022";"Forssa";"5 vuotta";13
"2022";"Forssa";"6 vuotta";10
"2022";"Forssa";"7 vuotta ja yli";0
"2022";"Föglö";"Yhteensä";0
"2022";"Föglö";"0 vuotta";0
"2022";"Föglö";"1 vuotta";0
"2022";"Föglö";"2 vuotta";0
"2022";"Föglö";"3 vuotta";0
"2022";"Föglö";"4 vuotta";0
"2022";"Föglö";"5 vuotta";0
"2022";"Föglö";"6 vuotta";0
"2022";"Föglö";"7 vuotta ja yli";0
"2022";"Geta";"Yhteensä";0
"2022";"Geta";"0 vuotta";0
"2022";"Geta";"1 vuotta";0
"2022";"Geta";"2 vuotta";0
"2022";"Geta";"3 vuotta";0
"2022";"Geta";"4 vuotta";0
"2022";"Geta";"5 vuotta";0
"2022";"Geta";"6 vuotta";0
"2022";"Geta";"7 vuotta ja yli";0
"2022";"Haapajärvi";"Yhteensä";4
"2022";"Haapajärvi";"0 vuotta";0
"2022";"Haapajärvi";"1 vuotta";0
"2022";"Haapajärvi";"2 vuotta";1
"2022";"Haapajärvi";"3 vuotta";1
"2022";"Haapajärvi";"4 vuotta";0
"2022";"Haapajärvi";"5 vuotta";2
"2022";"Haapajärvi";"6 vuotta";0
"2022";"Haapajärvi";"7 vuotta ja yli";0
"2022";"Haapavesi";"Yhteensä";6
"2022";"Haapavesi";"0 vuotta";0
"2022";"Haapavesi";"1 vuotta";0
"2022";"Haapavesi";"2 vuotta";0
"2022";"Haapavesi";"3 vuotta";0
"2022";"Haapavesi";"4 vuotta";1
"2022";"Haapavesi";"5 vuotta";3
"2022";"Haapavesi";"6 vuotta";2
"2022";"Haapavesi";"7 vuotta ja yli";0
"2022";"Hailuoto";"Yhteensä";0
"2022";"Hailuoto";"0 vuotta";0
"2022";"Hailuoto";"1 vuotta";0
"2022";"Hailuoto";"2 vuotta";0
"2022";"Hailuoto";"3 vuotta";0
"2022";"Hailuoto";"4 vuotta";0
"2022";"Hailuoto";"5 vuotta";0
"2022";"Hailuoto";"6 vuotta";0
"2022";"Hailuoto";"7 vuotta ja yli";0
"2022";"Halsua";"Yhteensä";2
"2022";"Halsua";"0 vuotta";0
"2022";"Halsua";"1 vuotta";0
"2022";"Halsua";"2 vuotta";1
"2022";"Halsua";"3 vuotta";0
"2022";"Halsua";"4 vuotta";1
"2022";"Halsua";"5 vuotta";0
"2022";"Halsua";"6 vuotta";0
"2022";"Halsua";"7 vuotta ja yli";0
"2022";"Hamina";"Yhteensä";44
"2022";"Hamina";"0 vuotta";0
"2022";"Hamina";"1 vuotta";5
"2022";"Hamina";"2 vuotta";6
"2022";"Hamina";"3 vuotta";4
"2022";"Hamina";"4 vuotta";12
"2022";"Hamina";"5 vuotta";9
"2022";"Hamina";"6 vuotta";7
"2022";"Hamina";"7 vuotta ja yli";1
"2022";"Hammarland";"Yhteensä";0
"2022";"Hammarland";"0 vuotta";0
"2022";"Hammarland";"1 vuotta";0
"2022";"Hammarland";"2 vuotta";0
"2022";"Hammarland";"3 vuotta";0
"2022";"Hammarland";"4 vuotta";0
"2022";"Hammarland";"5 vuotta";0
"2022";"Hammarland";"6 vuotta";0
"2022";"Hammarland";"7 vuotta ja yli";0
"2022";"Hankasalmi";"Yhteensä";0
"2022";"Hankasalmi";"0 vuotta";0
"2022";"Hankasalmi";"1 vuotta";0
"2022";"Hankasalmi";"2 vuotta";0
"2022";"Hankasalmi";"3 vuotta";0
"2022";"Hankasalmi";"4 vuotta";0
"2022";"Hankasalmi";"5 vuotta";0
"2022";"Hankasalmi";"6 vuotta";0
"2022";"Hankasalmi";"7 vuotta ja yli";0
"2022";"Hanko";"Yhteensä";12
"2022";"Hanko";"0 vuotta";0
"2022";"Hanko";"1 vuotta";1
"2022";"Hanko";"2 vuotta";0
"2022";"Hanko";"3 vuotta";0
"2022";"Hanko";"4 vuotta";1
"2022";"Hanko";"5 vuotta";3
"2022";"Hanko";"6 vuotta";5
"2022";"Hanko";"7 vuotta ja yli";2
"2022";"Harjavalta";"Yhteensä";8
"2022";"Harjavalta";"0 vuotta";0
"2022";"Harjavalta";"1 vuotta";0
"2022";"Harjavalta";"2 vuotta";1
"2022";"Harjavalta";"3 vuotta";1
"2022";"Harjavalta";"4 vuotta";1
"2022";"Harjavalta";"5 vuotta";5
"2022";"Harjavalta";"6 vuotta";0
"2022";"Harjavalta";"7 vuotta ja yli";0
"2022";"Hartola";"Yhteensä";1
"2022";"Hartola";"0 vuotta";0
"2022";"Hartola";"1 vuotta";0
"2022";"Hartola";"2 vuotta";0
"2022";"Hartola";"3 vuotta";0
"2022";"Hartola";"4 vuotta";1
"2022";"Hartola";"5 vuotta";0
"2022";"Hartola";"6 vuotta";0
"2022";"Hartola";"7 vuotta ja yli";0
"2022";"Hattula";"Yhteensä";12
"2022";"Hattula";"0 vuotta";0
"2022";"Hattula";"1 vuotta";2
"2022";"Hattula";"2 vuotta";1
"2022";"Hattula";"3 vuotta";1
"2022";"Hattula";"4 vuotta";3
"2022";"Hattula";"5 vuotta";1
"2022";"Hattula";"6 vuotta";4
"2022";"Hattula";"7 vuotta ja yli";0
"2022";"Hausjärvi";"Yhteensä";11
"2022";"Hausjärvi";"0 vuotta";0
"2022";"Hausjärvi";"1 vuotta";3
"2022";"Hausjärvi";"2 vuotta";1
"2022";"Hausjärvi";"3 vuotta";0
"2022";"Hausjärvi";"4 vuotta";3
"2022";"Hausjärvi";"5 vuotta";1
"2022";"Hausjärvi";"6 vuotta";3
"2022";"Hausjärvi";"7 vuotta ja yli";0
"2022";"Heinola";"Yhteensä";28
"2022";"Heinola";"0 vuotta";0
"2022";"Heinola";"1 vuotta";1
"2022";"Heinola";"2 vuotta";2
"2022";"Heinola";"3 vuotta";6
"2022";"Heinola";"4 vuotta";4
"2022";"Heinola";"5 vuotta";8
"2022";"Heinola";"6 vuotta";7
"2022";"Heinola";"7 vuotta ja yli";0
"2022";"Heinävesi";"Yhteensä";9
"2022";"Heinävesi";"0 vuotta";0
"2022";"Heinävesi";"1 vuotta";1
"2022";"Heinävesi";"2 vuotta";0
"2022";"Heinävesi";"3 vuotta";1
"2022";"Heinävesi";"4 vuotta";1
"2022";"Heinävesi";"5 vuotta";3
"2022";"Heinävesi";"6 vuotta";2
"2022";"Heinävesi";"7 vuotta ja yli";1
"2022";"Helsinki";"Yhteensä";6948
"2022";"Helsinki";"0 vuotta";9
"2022";"Helsinki";"1 vuotta";404
"2022";"Helsinki";"2 vuotta";925
"2022";"Helsinki";"3 vuotta";1230
"2022";"Helsinki";"4 vuotta";1385
"2022";"Helsinki";"5 vuotta";1440
"2022";"Helsinki";"6 vuotta";1454
"2022";"Helsinki";"7 vuotta ja yli";101
"2022";"Hirvensalmi";"Yhteensä";1
"2022";"Hirvensalmi";"0 vuotta";0
"2022";"Hirvensalmi";"1 vuotta";0
"2022";"Hirvensalmi";"2 vuotta";0
"2022";"Hirvensalmi";"3 vuotta";0
"2022";"Hirvensalmi";"4 vuotta";1
"2022";"Hirvensalmi";"5 vuotta";0
"2022";"Hirvensalmi";"6 vuotta";0
"2022";"Hirvensalmi";"7 vuotta ja yli";0
"2022";"Hollola";"Yhteensä";37
"2022";"Hollola";"0 vuotta";0
"2022";"Hollola";"1 vuotta";7
"2022";"Hollola";"2 vuotta";8
"2022";"Hollola";"3 vuotta";6
"2022";"Hollola";"4 vuotta";4
"2022";"Hollola";"5 vuotta";6
"2022";"Hollola";"6 vuotta";6
"2022";"Hollola";"7 vuotta ja yli";0
"2022";"Huittinen";"Yhteensä";35
"2022";"Huittinen";"0 vuotta";0
"2022";"Huittinen";"1 vuotta";2
"2022";"Huittinen";"2 vuotta";5
"2022";"Huittinen";"3 vuotta";7
"2022";"Huittinen";"4 vuotta";2
"2022";"Huittinen";"5 vuotta";7
"2022";"Huittinen";"6 vuotta";11
"2022";"Huittinen";"7 vuotta ja yli";1
"2022";"Humppila";"Yhteensä";1
"2022";"Humppila";"0 vuotta";0
"2022";"Humppila";"1 vuotta";0
"2022";"Humppila";"2 vuotta";0
"2022";"Humppila";"3 vuotta";1
"2022";"Humppila";"4 vuotta";0
"2022";"Humppila";"5 vuotta";0
"2022";"Humppila";"6 vuotta";0
"2022";"Humppila";"7 vuotta ja yli";0
"2022";"Hyrynsalmi";"Yhteensä";0
"2022";"Hyrynsalmi";"0 vuotta";0
"2022";"Hyrynsalmi";"1 vuotta";0
"2022";"Hyrynsalmi";"2 vuotta";0
"2022";"Hyrynsalmi";"3 vuotta";0
"2022";"Hyrynsalmi";"4 vuotta";0
"2022";"Hyrynsalmi";"5 vuotta";0
"2022";"Hyrynsalmi";"6 vuotta";0
"2022";"Hyrynsalmi";"7 vuotta ja yli";0
"2022";"Hyvinkää";"Yhteensä";216
"2022";"Hyvinkää";"0 vuotta";0
"2022";"Hyvinkää";"1 vuotta";22
"2022";"Hyvinkää";"2 vuotta";26
"2022";"Hyvinkää";"3 vuotta";41
"2022";"Hyvinkää";"4 vuotta";42
"2022";"Hyvinkää";"5 vuotta";43
"2022";"Hyvinkää";"6 vuotta";42
"2022";"Hyvinkää";"7 vuotta ja yli";0
"2022";"Hämeenkyrö";"Yhteensä";5
"2022";"Hämeenkyrö";"0 vuotta";0
"2022";"Hämeenkyrö";"1 vuotta";0
"2022";"Hämeenkyrö";"2 vuotta";0
"2022";"Hämeenkyrö";"3 vuotta";2
"2022";"Hämeenkyrö";"4 vuotta";0
"2022";"Hämeenkyrö";"5 vuotta";1
"2022";"Hämeenkyrö";"6 vuotta";2
"2022";"Hämeenkyrö";"7 vuotta ja yli";0
"2022";"Hämeenlinna";"Yhteensä";267
"2022";"Hämeenlinna";"0 vuotta";0
"2022";"Hämeenlinna";"1 vuotta";13
"2022";"Hämeenlinna";"2 vuotta";44
"2022";"Hämeenlinna";"3 vuotta";50
"2022";"Hämeenlinna";"4 vuotta";42
"2022";"Hämeenlinna";"5 vuotta";49
"2022";"Hämeenlinna";"6 vuotta";64
"2022";"Hämeenlinna";"7 vuotta ja yli";5
"2022";"Ii";"Yhteensä";0
"2022";"Ii";"0 vuotta";0
"2022";"Ii";"1 vuotta";0
"2022";"Ii";"2 vuotta";0
"2022";"Ii";"3 vuotta";0
"2022";"Ii";"4 vuotta";0
"2022";"Ii";"5 vuotta";0
"2022";"Ii";"6 vuotta";0
"2022";"Ii";"7 vuotta ja yli";0
"2022";"Iisalmi";"Yhteensä";41
"2022";"Iisalmi";"0 vuotta";0
"2022";"Iisalmi";"1 vuotta";5
"2022";"Iisalmi";"2 vuotta";4
"2022";"Iisalmi";"3 vuotta";6
"2022";"Iisalmi";"4 vuotta";4
"2022";"Iisalmi";"5 vuotta";12
"2022";"Iisalmi";"6 vuotta";9
"2022";"Iisalmi";"7 vuotta ja yli";1
"2022";"Iitti";"Yhteensä";2
"2022";"Iitti";"0 vuotta";0
"2022";"Iitti";"1 vuotta";0
"2022";"Iitti";"2 vuotta";0
"2022";"Iitti";"3 vuotta";0
"2022";"Iitti";"4 vuotta";0
"2022";"Iitti";"5 vuotta";0
"2022";"Iitti";"6 vuotta";2
"2022";"Iitti";"7 vuotta ja yli";0
"2022";"Ikaalinen";"Yhteensä";18
"2022";"Ikaalinen";"0 vuotta";0
"2022";"Ikaalinen";"1 vuotta";2
"2022";"Ikaalinen";"2 vuotta";3
"2022";"Ikaalinen";"3 vuotta";0
"2022";"Ikaalinen";"4 vuotta";3
"2022";"Ikaalinen";"5 vuotta";5
"2022";"Ikaalinen";"6 vuotta";4
"2022";"Ikaalinen";"7 vuotta ja yli";1
"2022";"Ilmajoki";"Yhteensä";15
"2022";"Ilmajoki";"0 vuotta";0
"2022";"Ilmajoki";"1 vuotta";1
"2022";"Ilmajoki";"2 vuotta";0
"2022";"Ilmajoki";"3 vuotta";2
"2022";"Ilmajoki";"4 vuotta";4
"2022";"Ilmajoki";"5 vuotta";2
"2022";"Ilmajoki";"6 vuotta";6
"2022";"Ilmajoki";"7 vuotta ja yli";0
"2022";"Ilomantsi";"Yhteensä";8
"2022";"Ilomantsi";"0 vuotta";0
"2022";"Ilomantsi";"1 vuotta";0
"2022";"Ilomantsi";"2 vuotta";1
"2022";"Ilomantsi";"3 vuotta";0
"2022";"Ilomantsi";"4 vuotta";4
"2022";"Ilomantsi";"5 vuotta";2
"2022";"Ilomantsi";"6 vuotta";1
"2022";"Ilomantsi";"7 vuotta ja yli";0
"2022";"Imatra";"Yhteensä";65
"2022";"Imatra";"0 vuotta";0
"2022";"Imatra";"1 vuotta";4
"2022";"Imatra";"2 vuotta";8
"2022";"Imatra";"3 vuotta";11
"2022";"Imatra";"4 vuotta";9
"2022";"Imatra";"5 vuotta";14
"2022";"Imatra";"6 vuotta";18
"2022";"Imatra";"7 vuotta ja yli";1
"2022";"Inari";"Yhteensä";19
"2022";"Inari";"0 vuotta";0
"2022";"Inari";"1 vuotta";2
"2022";"Inari";"2 vuotta";2
"2022";"Inari";"3 vuotta";5
"2022";"Inari";"4 vuotta";5
"2022";"Inari";"5 vuotta";4
"2022";"Inari";"6 vuotta";1
"2022";"Inari";"7 vuotta ja yli";0
"2022";"Inkoo";"Yhteensä";7
"2022";"Inkoo";"0 vuotta";0
"2022";"Inkoo";"1 vuotta";1
"2022";"Inkoo";"2 vuotta";3
"2022";"Inkoo";"3 vuotta";0
"2022";"Inkoo";"4 vuotta";2
"2022";"Inkoo";"5 vuotta";1
"2022";"Inkoo";"6 vuotta";0
"2022";"Inkoo";"7 vuotta ja yli";0
"2022";"Isojoki";"Yhteensä";3
"2022";"Isojoki";"0 vuotta";0
"2022";"Isojoki";"1 vuotta";1
"2022";"Isojoki";"2 vuotta";1
"2022";"Isojoki";"3 vuotta";1
"2022";"Isojoki";"4 vuotta";0
"2022";"Isojoki";"5 vuotta";0
"2022";"Isojoki";"6 vuotta";0
"2022";"Isojoki";"7 vuotta ja yli";0
"2022";"Isokyrö";"Yhteensä";2
"2022";"Isokyrö";"0 vuotta";0
"2022";"Isokyrö";"1 vuotta";0
"2022";"Isokyrö";"2 vuotta";0
"2022";"Isokyrö";"3 vuotta";1
"2022";"Isokyrö";"4 vuotta";0
"2022";"Isokyrö";"5 vuotta";0
"2022";"Isokyrö";"6 vuotta";1
"2022";"Isokyrö";"7 vuotta ja yli";0
"2022";"Janakkala";"Yhteensä";34
"2022";"Janakkala";"0 vuotta";0
"2022";"Janakkala";"1 vuotta";3
"2022";"Janakkala";"2 vuotta";4
"2022";"Janakkala";"3 vuotta";4
"2022";"Janakkala";"4 vuotta";8
"2022";"Janakkala";"5 vuotta";8
"2022";"Janakkala";"6 vuotta";6
"2022";"Janakkala";"7 vuotta ja yli";1
"2022";"Joensuu";"Yhteensä";235
"2022";"Joensuu";"0 vuotta";0
"2022";"Joensuu";"1 vuotta";10
"2022";"Joensuu";"2 vuotta";33
"2022";"Joensuu";"3 vuotta";47
"2022";"Joensuu";"4 vuotta";52
"2022";"Joensuu";"5 vuotta";48
"2022";"Joensuu";"6 vuotta";45
"2022";"Joensuu";"7 vuotta ja yli";0
"2022";"Jokioinen";"Yhteensä";5
"2022";"Jokioinen";"0 vuotta";0
"2022";"Jokioinen";"1 vuotta";2
"2022";"Jokioinen";"2 vuotta";0
"2022";"Jokioinen";"3 vuotta";0
"2022";"Jokioinen";"4 vuotta";3
"2022";"Jokioinen";"5 vuotta";0
"2022";"Jokioinen";"6 vuotta";0
"2022";"Jokioinen";"7 vuotta ja yli";0
"2022";"Jomala";"Yhteensä";0
"2022";"Jomala";"0 vuotta";0
"2022";"Jomala";"1 vuotta";0
"2022";"Jomala";"2 vuotta";0
"2022";"Jomala";"3 vuotta";0
"2022";"Jomala";"4 vuotta";0
"2022";"Jomala";"5 vuotta";0
"2022";"Jomala";"6 vuotta";0
"2022";"Jomala";"7 vuotta ja yli";0
"2022";"Joroinen";"Yhteensä";11
"2022";"Joroinen";"0 vuotta";0
"2022";"Joroinen";"1 vuotta";2
"2022";"Joroinen";"2 vuotta";0
"2022";"Joroinen";"3 vuotta";1
"2022";"Joroinen";"4 vuotta";3
"2022";"Joroinen";"5 vuotta";2
"2022";"Joroinen";"6 vuotta";3
"2022";"Joroinen";"7 vuotta ja yli";0
"2022";"Joutsa";"Yhteensä";0
"2022";"Joutsa";"0 vuotta";0
"2022";"Joutsa";"1 vuotta";0
"2022";"Joutsa";"2 vuotta";0
"2022";"Joutsa";"3 vuotta";0
"2022";"Joutsa";"4 vuotta";0
"2022";"Joutsa";"5 vuotta";0
"2022";"Joutsa";"6 vuotta";0
"2022";"Joutsa";"7 vuotta ja yli";0
"2022";"Juuka";"Yhteensä";3
"2022";"Juuka";"0 vuotta";0
"2022";"Juuka";"1 vuotta";1
"2022";"Juuka";"2 vuotta";1
"2022";"Juuka";"3 vuotta";1
"2022";"Juuka";"4 vuotta";0
"2022";"Juuka";"5 vuotta";0
"2022";"Juuka";"6 vuotta";0
"2022";"Juuka";"7 vuotta ja yli";0
"2022";"Juupajoki";"Yhteensä";0
"2022";"Juupajoki";"0 vuotta";0
"2022";"Juupajoki";"1 vuotta";0
"2022";"Juupajoki";"2 vuotta";0
"2022";"Juupajoki";"3 vuotta";0
"2022";"Juupajoki";"4 vuotta";0
"2022";"Juupajoki";"5 vuotta";0
"2022";"Juupajoki";"6 vuotta";0
"2022";"Juupajoki";"7 vuotta ja yli";0
"2022";"Juva";"Yhteensä";6
"2022";"Juva";"0 vuotta";0
"2022";"Juva";"1 vuotta";0
"2022";"Juva";"2 vuotta";0
"2022";"Juva";"3 vuotta";1
"2022";"Juva";"4 vuotta";4
"2022";"Juva";"5 vuotta";1
"2022";"Juva";"6 vuotta";0
"2022";"Juva";"7 vuotta ja yli";0
"2022";"Jyväskylä";"Yhteensä";518
"2022";"Jyväskylä";"0 vuotta";0
"2022";"Jyväskylä";"1 vuotta";46
"2022";"Jyväskylä";"2 vuotta";76
"2022";"Jyväskylä";"3 vuotta";83
"2022";"Jyväskylä";"4 vuotta";94
"2022";"Jyväskylä";"5 vuotta";104
"2022";"Jyväskylä";"6 vuotta";114
"2022";"Jyväskylä";"7 vuotta ja yli";1
"2022";"Jämijärvi";"Yhteensä";2
"2022";"Jämijärvi";"0 vuotta";0
"2022";"Jämijärvi";"1 vuotta";1
"2022";"Jämijärvi";"2 vuotta";0
"2022";"Jämijärvi";"3 vuotta";0
"2022";"Jämijärvi";"4 vuotta";0
"2022";"Jämijärvi";"5 vuotta";1
"2022";"Jämijärvi";"6 vuotta";0
"2022";"Jämijärvi";"7 vuotta ja yli";0
"2022";"Jämsä";"Yhteensä";23
"2022";"Jämsä";"0 vuotta";1
"2022";"Jämsä";"1 vuotta";1
"2022";"Jämsä";"2 vuotta";4
"2022";"Jämsä";"3 vuotta";2
"2022";"Jämsä";"4 vuotta";4
"2022";"Jämsä";"5 vuotta";7
"2022";"Jämsä";"6 vuotta";4
"2022";"Jämsä";"7 vuotta ja yli";0
"2022";"Järvenpää";"Yhteensä";197
"2022";"Järvenpää";"0 vuotta";0
"2022";"Järvenpää";"1 vuotta";20
"2022";"Järvenpää";"2 vuotta";25
"2022";"Järvenpää";"3 vuotta";29
"2022";"Järvenpää";"4 vuotta";37
"2022";"Järvenpää";"5 vuotta";41
"2022";"Järvenpää";"6 vuotta";45
"2022";"Järvenpää";"7 vuotta ja yli";0
"2022";"Kaarina";"Yhteensä";130
"2022";"Kaarina";"0 vuotta";0
"2022";"Kaarina";"1 vuotta";10
"2022";"Kaarina";"2 vuotta";11
"2022";"Kaarina";"3 vuotta";23
"2022";"Kaarina";"4 vuotta";24
"2022";"Kaarina";"5 vuotta";31
"2022";"Kaarina";"6 vuotta";29
"2022";"Kaarina";"7 vuotta ja yli";2
"2022";"Kaavi";"Yhteensä";1
"2022";"Kaavi";"0 vuotta";0
"2022";"Kaavi";"1 vuotta";0
"2022";"Kaavi";"2 vuotta";0
"2022";"Kaavi";"3 vuotta";0
"2022";"Kaavi";"4 vuotta";0
"2022";"Kaavi";"5 vuotta";0
"2022";"Kaavi";"6 vuotta";1
"2022";"Kaavi";"7 vuotta ja yli";0
"2022";"Kajaani";"Yhteensä";111
"2022";"Kajaani";"0 vuotta";1
"2022";"Kajaani";"1 vuotta";11
"2022";"Kajaani";"2 vuotta";19
"2022";"Kajaani";"3 vuotta";17
"2022";"Kajaani";"4 vuotta";26
"2022";"Kajaani";"5 vuotta";16
"2022";"Kajaani";"6 vuotta";18
"2022";"Kajaani";"7 vuotta ja yli";3
"2022";"Kalajoki";"Yhteensä";34
"2022";"Kalajoki";"0 vuotta";0
"2022";"Kalajoki";"1 vuotta";1
"2022";"Kalajoki";"2 vuotta";7
"2022";"Kalajoki";"3 vuotta";10
"2022";"Kalajoki";"4 vuotta";4
"2022";"Kalajoki";"5 vuotta";4
"2022";"Kalajoki";"6 vuotta";8
"2022";"Kalajoki";"7 vuotta ja yli";0
"2022";"Kangasala";"Yhteensä";54
"2022";"Kangasala";"0 vuotta";0
"2022";"Kangasala";"1 vuotta";4
"2022";"Kangasala";"2 vuotta";6
"2022";"Kangasala";"3 vuotta";6
"2022";"Kangasala";"4 vuotta";13
"2022";"Kangasala";"5 vuotta";10
"2022";"Kangasala";"6 vuotta";14
"2022";"Kangasala";"7 vuotta ja yli";1
"2022";"Kangasniemi";"Yhteensä";2
"2022";"Kangasniemi";"0 vuotta";0
"2022";"Kangasniemi";"1 vuotta";0
"2022";"Kangasniemi";"2 vuotta";0
"2022";"Kangasniemi";"3 vuotta";0
"2022";"Kangasniemi";"4 vuotta";1
"2022";"Kangasniemi";"5 vuotta";1
"2022";"Kangasniemi";"6 vuotta";0
"2022";"Kangasniemi";"7 vuotta ja yli";0
"2022";"Kankaanpää";"Yhteensä";43
"2022";"Kankaanpää";"0 vuotta";0
"2022";"Kankaanpää";"1 vuotta";6
"2022";"Kankaanpää";"2 vuotta";3
"2022";"Kankaanpää";"3 vuotta";5
"2022";"Kankaanpää";"4 vuotta";11
"2022";"Kankaanpää";"5 vuotta";10
"2022";"Kankaanpää";"6 vuotta";8
"2022";"Kankaanpää";"7 vuotta ja yli";0
"2022";"Kannonkoski";"Yhteensä";0
"2022";"Kannonkoski";"0 vuotta";0
"2022";"Kannonkoski";"1 vuotta";0
"2022";"Kannonkoski";"2 vuotta";0
"2022";"Kannonkoski";"3 vuotta";0
"2022";"Kannonkoski";"4 vuotta";0
"2022";"Kannonkoski";"5 vuotta";0
"2022";"Kannonkoski";"6 vuotta";0
"2022";"Kannonkoski";"7 vuotta ja yli";0
"2022";"Kannus";"Yhteensä";7
"2022";"Kannus";"0 vuotta";0
"2022";"Kannus";"1 vuotta";0
"2022";"Kannus";"2 vuotta";0
"2022";"Kannus";"3 vuotta";0
"2022";"Kannus";"4 vuotta";2
"2022";"Kannus";"5 vuotta";3
"2022";"Kannus";"6 vuotta";2
"2022";"Kannus";"7 vuotta ja yli";0
"2022";"Karijoki";"Yhteensä";1
"2022";"Karijoki";"0 vuotta";0
"2022";"Karijoki";"1 vuotta";0
"2022";"Karijoki";"2 vuotta";0
"2022";"Karijoki";"3 vuotta";0
"2022";"Karijoki";"4 vuotta";1
"2022";"Karijoki";"5 vuotta";0
"2022";"Karijoki";"6 vuotta";0
"2022";"Karijoki";"7 vuotta ja yli";0
"2022";"Karkkila";"Yhteensä";33
"2022";"Karkkila";"0 vuotta";0
"2022";"Karkkila";"1 vuotta";4
"2022";"Karkkila";"2 vuotta";4
"2022";"Karkkila";"3 vuotta";4
"2022";"Karkkila";"4 vuotta";7
"2022";"Karkkila";"5 vuotta";6
"2022";"Karkkila";"6 vuotta";7
"2022";"Karkkila";"7 vuotta ja yli";1
"2022";"Karstula";"Yhteensä";3
"2022";"Karstula";"0 vuotta";0
"2022";"Karstula";"1 vuotta";0
"2022";"Karstula";"2 vuotta";0
"2022";"Karstula";"3 vuotta";3
"2022";"Karstula";"4 vuotta";0
"2022";"Karstula";"5 vuotta";0
"2022";"Karstula";"6 vuotta";0
"2022";"Karstula";"7 vuotta ja yli";0
"2022";"Karvia";"Yhteensä";10
"2022";"Karvia";"0 vuotta";0
"2022";"Karvia";"1 vuotta";0
"2022";"Karvia";"2 vuotta";4
"2022";"Karvia";"3 vuotta";1
"2022";"Karvia";"4 vuotta";0
"2022";"Karvia";"5 vuotta";3
"2022";"Karvia";"6 vuotta";2
"2022";"Karvia";"7 vuotta ja yli";0
"2022";"Kaskinen";"Yhteensä";17
"2022";"Kaskinen";"0 vuotta";0
"2022";"Kaskinen";"1 vuotta";3
"2022";"Kaskinen";"2 vuotta";2
"2022";"Kaskinen";"3 vuotta";0
"2022";"Kaskinen";"4 vuotta";2
"2022";"Kaskinen";"5 vuotta";3
"2022";"Kaskinen";"6 vuotta";6
"2022";"Kaskinen";"7 vuotta ja yli";1
"2022";"Kauhajoki";"Yhteensä";18
"2022";"Kauhajoki";"0 vuotta";0
"2022";"Kauhajoki";"1 vuotta";1
"2022";"Kauhajoki";"2 vuotta";2
"2022";"Kauhajoki";"3 vuotta";6
"2022";"Kauhajoki";"4 vuotta";2
"2022";"Kauhajoki";"5 vuotta";6
"2022";"Kauhajoki";"6 vuotta";1
"2022";"Kauhajoki";"7 vuotta ja yli";0
"2022";"Kauhava";"Yhteensä";40
"2022";"Kauhava";"0 vuotta";0
"2022";"Kauhava";"1 vuotta";0
"2022";"Kauhava";"2 vuotta";4
"2022";"Kauhava";"3 vuotta";9
"2022";"Kauhava";"4 vuotta";9
"2022";"Kauhava";"5 vuotta";8
"2022";"Kauhava";"6 vuotta";10
"2022";"Kauhava";"7 vuotta ja yli";0
"2022";"Kauniainen";"Yhteensä";62
"2022";"Kauniainen";"0 vuotta";0
"2022";"Kauniainen";"1 vuotta";6
"2022";"Kauniainen";"2 vuotta";9
"2022";"Kauniainen";"3 vuotta";11
"2022";"Kauniainen";"4 vuotta";15
"2022";"Kauniainen";"5 vuotta";12
"2022";"Kauniainen";"6 vuotta";9
"2022";"Kauniainen";"7 vuotta ja yli";0
"2022";"Kaustinen";"Yhteensä";6
"2022";"Kaustinen";"0 vuotta";0
"2022";"Kaustinen";"1 vuotta";0
"2022";"Kaustinen";"2 vuotta";0
"2022";"Kaustinen";"3 vuotta";2
"2022";"Kaustinen";"4 vuotta";2
"2022";"Kaustinen";"5 vuotta";2
"2022";"Kaustinen";"6 vuotta";0
"2022";"Kaustinen";"7 vuotta ja yli";0
"2022";"Keitele";"Yhteensä";1
"2022";"Keitele";"0 vuotta";0
"2022";"Keitele";"1 vuotta";0
"2022";"Keitele";"2 vuotta";0
"2022";"Keitele";"3 vuotta";0
"2022";"Keitele";"4 vuotta";1
"2022";"Keitele";"5 vuotta";0
"2022";"Keitele";"6 vuotta";0
"2022";"Keitele";"7 vuotta ja yli";0
"2022";"Kemi";"Yhteensä";49
"2022";"Kemi";"0 vuotta";0
"2022";"Kemi";"1 vuotta";2
"2022";"Kemi";"2 vuotta";6
"2022";"Kemi";"3 vuotta";10
"2022";"Kemi";"4 vuotta";11
"2022";"Kemi";"5 vuotta";10
"2022";"Kemi";"6 vuotta";10
"2022";"Kemi";"7 vuotta ja yli";0
"2022";"Kemijärvi";"Yhteensä";5
"2022";"Kemijärvi";"0 vuotta";1
"2022";"Kemijärvi";"1 vuotta";0
"2022";"Kemijärvi";"2 vuotta";0
"2022";"Kemijärvi";"3 vuotta";1
"2022";"Kemijärvi";"4 vuotta";2
"2022";"Kemijärvi";"5 vuotta";0
"2022";"Kemijärvi";"6 vuotta";1
"2022";"Kemijärvi";"7 vuotta ja yli";0
"2022";"Keminmaa";"Yhteensä";2
"2022";"Keminmaa";"0 vuotta";0
"2022";"Keminmaa";"1 vuotta";1
"2022";"Keminmaa";"2 vuotta";0
"2022";"Keminmaa";"3 vuotta";0
"2022";"Keminmaa";"4 vuotta";0
"2022";"Keminmaa";"5 vuotta";1
"2022";"Keminmaa";"6 vuotta";0
"2022";"Keminmaa";"7 vuotta ja yli";0
"2022";"Kemiönsaari";"Yhteensä";4
"2022";"Kemiönsaari";"0 vuotta";0
"2022";"Kemiönsaari";"1 vuotta";0
"2022";"Kemiönsaari";"2 vuotta";1
"2022";"Kemiönsaari";"3 vuotta";1
"2022";"Kemiönsaari";"4 vuotta";1
"2022";"Kemiönsaari";"5 vuotta";1
"2022";"Kemiönsaari";"6 vuotta";0
"2022";"Kemiönsaari";"7 vuotta ja yli";0
"2022";"Kempele";"Yhteensä";9
"2022";"Kempele";"0 vuotta";0
"2022";"Kempele";"1 vuotta";1
"2022";"Kempele";"2 vuotta";1
"2022";"Kempele";"3 vuotta";1
"2022";"Kempele";"4 vuotta";0
"2022";"Kempele";"5 vuotta";2
"2022";"Kempele";"6 vuotta";1
"2022";"Kempele";"7 vuotta ja yli";3
"2022";"Kerava";"Yhteensä";417
"2022";"Kerava";"0 vuotta";3
"2022";"Kerava";"1 vuotta";25
"2022";"Kerava";"2 vuotta";76
"2022";"Kerava";"3 vuotta";67
"2022";"Kerava";"4 vuotta";78
"2022";"Kerava";"5 vuotta";86
"2022";"Kerava";"6 vuotta";81
"2022";"Kerava";"7 vuotta ja yli";1
"2022";"Keuruu";"Yhteensä";12
"2022";"Keuruu";"0 vuotta";0
"2022";"Keuruu";"1 vuotta";0
"2022";"Keuruu";"2 vuotta";3
"2022";"Keuruu";"3 vuotta";0
"2022";"Keuruu";"4 vuotta";4
"2022";"Keuruu";"5 vuotta";2
"2022";"Keuruu";"6 vuotta";2
"2022";"Keuruu";"7 vuotta ja yli";1
"2022";"Kihniö";"Yhteensä";0
"2022";"Kihniö";"0 vuotta";0
"2022";"Kihniö";"1 vuotta";0
"2022";"Kihniö";"2 vuotta";0
"2022";"Kihniö";"3 vuotta";0
"2022";"Kihniö";"4 vuotta";0
"2022";"Kihniö";"5 vuotta";0
"2022";"Kihniö";"6 vuotta";0
"2022";"Kihniö";"7 vuotta ja yli";0
"2022";"Kinnula";"Yhteensä";0
"2022";"Kinnula";"0 vuotta";0
"2022";"Kinnula";"1 vuotta";0
"2022";"Kinnula";"2 vuotta";0
"2022";"Kinnula";"3 vuotta";0
"2022";"Kinnula";"4 vuotta";0
"2022";"Kinnula";"5 vuotta";0
"2022";"Kinnula";"6 vuotta";0
"2022";"Kinnula";"7 vuotta ja yli";0
"2022";"Kirkkonummi";"Yhteensä";314
"2022";"Kirkkonummi";"0 vuotta";0
"2022";"Kirkkonummi";"1 vuotta";18
"2022";"Kirkkonummi";"2 vuotta";57
"2022";"Kirkkonummi";"3 vuotta";56
"2022";"Kirkkonummi";"4 vuotta";57
"2022";"Kirkkonummi";"5 vuotta";61
"2022";"Kirkkonummi";"6 vuotta";62
"2022";"Kirkkonummi";"7 vuotta ja yli";3
"2022";"Kitee";"Yhteensä";37
"2022";"Kitee";"0 vuotta";0
"2022";"Kitee";"1 vuotta";1
"2022";"Kitee";"2 vuotta";7
"2022";"Kitee";"3 vuotta";6
"2022";"Kitee";"4 vuotta";6
"2022";"Kitee";"5 vuotta";5
"2022";"Kitee";"6 vuotta";9
"2022";"Kitee";"7 vuotta ja yli";3
"2022";"Kittilä";"Yhteensä";12
"2022";"Kittilä";"0 vuotta";0
"2022";"Kittilä";"1 vuotta";2
"2022";"Kittilä";"2 vuotta";4
"2022";"Kittilä";"3 vuotta";1
"2022";"Kittilä";"4 vuotta";0
"2022";"Kittilä";"5 vuotta";4
"2022";"Kittilä";"6 vuotta";1
"2022";"Kittilä";"7 vuotta ja yli";0
"2022";"Kiuruvesi";"Yhteensä";3
"2022";"Kiuruvesi";"0 vuotta";0
"2022";"Kiuruvesi";"1 vuotta";0
"2022";"Kiuruvesi";"2 vuotta";0
"2022";"Kiuruvesi";"3 vuotta";0
"2022";"Kiuruvesi";"4 vuotta";2
"2022";"Kiuruvesi";"5 vuotta";1
"2022";"Kiuruvesi";"6 vuotta";0
"2022";"Kiuruvesi";"7 vuotta ja yli";0
"2022";"Kivijärvi";"Yhteensä";0
"2022";"Kivijärvi";"0 vuotta";0
"2022";"Kivijärvi";"1 vuotta";0
"2022";"Kivijärvi";"2 vuotta";0
"2022";"Kivijärvi";"3 vuotta";0
"2022";"Kivijärvi";"4 vuotta";0
"2022";"Kivijärvi";"5 vuotta";0
"2022";"Kivijärvi";"6 vuotta";0
"2022";"Kivijärvi";"7 vuotta ja yli";0
"2022";"Kokemäki";"Yhteensä";10
"2022";"Kokemäki";"0 vuotta";0
"2022";"Kokemäki";"1 vuotta";0
"2022";"Kokemäki";"2 vuotta";0
"2022";"Kokemäki";"3 vuotta";3
"2022";"Kokemäki";"4 vuotta";0
"2022";"Kokemäki";"5 vuotta";4
"2022";"Kokemäki";"6 vuotta";3
"2022";"Kokemäki";"7 vuotta ja yli";0
"2022";"Kokkola";"Yhteensä";114
"2022";"Kokkola";"0 vuotta";2
"2022";"Kokkola";"1 vuotta";9
"2022";"Kokkola";"2 vuotta";19
"2022";"Kokkola";"3 vuotta";18
"2022";"Kokkola";"4 vuotta";22
"2022";"Kokkola";"5 vuotta";18
"2022";"Kokkola";"6 vuotta";22
"2022";"Kokkola";"7 vuotta ja yli";4
"2022";"Kolari";"Yhteensä";4
"2022";"Kolari";"0 vuotta";0
"2022";"Kolari";"1 vuotta";0
"2022";"Kolari";"2 vuotta";1
"2022";"Kolari";"3 vuotta";2
"2022";"Kolari";"4 vuotta";0
"2022";"Kolari";"5 vuotta";0
"2022";"Kolari";"6 vuotta";0
"2022";"Kolari";"7 vuotta ja yli";1
"2022";"Konnevesi";"Yhteensä";1
"2022";"Konnevesi";"0 vuotta";0
"2022";"Konnevesi";"1 vuotta";0
"2022";"Konnevesi";"2 vuotta";0
"2022";"Konnevesi";"3 vuotta";0
"2022";"Konnevesi";"4 vuotta";0
"2022";"Konnevesi";"5 vuotta";1
"2022";"Konnevesi";"6 vuotta";0
"2022";"Konnevesi";"7 vuotta ja yli";0
"2022";"Kontiolahti";"Yhteensä";12
"2022";"Kontiolahti";"0 vuotta";0
"2022";"Kontiolahti";"1 vuotta";0
"2022";"Kontiolahti";"2 vuotta";1
"2022";"Kontiolahti";"3 vuotta";2
"2022";"Kontiolahti";"4 vuotta";3
"2022";"Kontiolahti";"5 vuotta";2
"2022";"Kontiolahti";"6 vuotta";4
"2022";"Kontiolahti";"7 vuotta ja yli";0
"2022";"Korsnäs";"Yhteensä";18
"2022";"Korsnäs";"0 vuotta";0
"2022";"Korsnäs";"1 vuotta";2
"2022";"Korsnäs";"2 vuotta";3
"2022";"Korsnäs";"3 vuotta";6
"2022";"Korsnäs";"4 vuotta";0
"2022";"Korsnäs";"5 vuotta";6
"2022";"Korsnäs";"6 vuotta";1
"2022";"Korsnäs";"7 vuotta ja yli";0
"2022";"Koski Tl";"Yhteensä";3
"2022";"Koski Tl";"0 vuotta";0
"2022";"Koski Tl";"1 vuotta";2
"2022";"Koski Tl";"2 vuotta";0
"2022";"Koski Tl";"3 vuotta";1
"2022";"Koski Tl";"4 vuotta";0
"2022";"Koski Tl";"5 vuotta";0
"2022";"Koski Tl";"6 vuotta";0
"2022";"Koski Tl";"7 vuotta ja yli";0
"2022";"Kotka";"Yhteensä";226
"2022";"Kotka";"0 vuotta";0
"2022";"Kotka";"1 vuotta";12
"2022";"Kotka";"2 vuotta";31
"2022";"Kotka";"3 vuotta";43
"2022";"Kotka";"4 vuotta";51
"2022";"Kotka";"5 vuotta";43
"2022";"Kotka";"6 vuotta";46
"2022";"Kotka";"7 vuotta ja yli";0
"2022";"Kouvola";"Yhteensä";167
"2022";"Kouvola";"0 vuotta";0
"2022";"Kouvola";"1 vuotta";17
"2022";"Kouvola";"2 vuotta";19
"2022";"Kouvola";"3 vuotta";22
"2022";"Kouvola";"4 vuotta";39
"2022";"Kouvola";"5 vuotta";32
"2022";"Kouvola";"6 vuotta";38
"2022";"Kouvola";"7 vuotta ja yli";0
"2022";"Kristiinankaupunki";"Yhteensä";34
"2022";"Kristiinankaupunki";"0 vuotta";0
"2022";"Kristiinankaupunki";"1 vuotta";4
"2022";"Kristiinankaupunki";"2 vuotta";7
"2022";"Kristiinankaupunki";"3 vuotta";2
"2022";"Kristiinankaupunki";"4 vuotta";4
"2022";"Kristiinankaupunki";"5 vuotta";6
"2022";"Kristiinankaupunki";"6 vuotta";4
"2022";"Kristiinankaupunki";"7 vuotta ja yli";7
"2022";"Kruunupyy";"Yhteensä";15
"2022";"Kruunupyy";"0 vuotta";0
"2022";"Kruunupyy";"1 vuotta";2
"2022";"Kruunupyy";"2 vuotta";1
"2022";"Kruunupyy";"3 vuotta";3
"2022";"Kruunupyy";"4 vuotta";2
"2022";"Kruunupyy";"5 vuotta";6
"2022";"Kruunupyy";"6 vuotta";1
"2022";"Kruunupyy";"7 vuotta ja yli";0
"2022";"Kuhmo";"Yhteensä";4
"2022";"Kuhmo";"0 vuotta";0
"2022";"Kuhmo";"1 vuotta";0
"2022";"Kuhmo";"2 vuotta";1
"2022";"Kuhmo";"3 vuotta";0
"2022";"Kuhmo";"4 vuotta";0
"2022";"Kuhmo";"5 vuotta";3
"2022";"Kuhmo";"6 vuotta";0
"2022";"Kuhmo";"7 vuotta ja yli";0
"2022";"Kuhmoinen";"Yhteensä";0
"2022";"Kuhmoinen";"0 vuotta";0
"2022";"Kuhmoinen";"1 vuotta";0
"2022";"Kuhmoinen";"2 vuotta";0
"2022";"Kuhmoinen";"3 vuotta";0
"2022";"Kuhmoinen";"4 vuotta";0
"2022";"Kuhmoinen";"5 vuotta";0
"2022";"Kuhmoinen";"6 vuotta";0
"2022";"Kuhmoinen";"7 vuotta ja yli";0
"2022";"Kumlinge";"Yhteensä";0
"2022";"Kumlinge";"0 vuotta";0
"2022";"Kumlinge";"1 vuotta";0
"2022";"Kumlinge";"2 vuotta";0
"2022";"Kumlinge";"3 vuotta";0
"2022";"Kumlinge";"4 vuotta";0
"2022";"Kumlinge";"5 vuotta";0
"2022";"Kumlinge";"6 vuotta";0
"2022";"Kumlinge";"7 vuotta ja yli";0
"2022";"Kuopio";"Yhteensä";320
"2022";"Kuopio";"0 vuotta";2
"2022";"Kuopio";"1 vuotta";31
"2022";"Kuopio";"2 vuotta";47
"2022";"Kuopio";"3 vuotta";56
"2022";"Kuopio";"4 vuotta";64
"2022";"Kuopio";"5 vuotta";69
"2022";"Kuopio";"6 vuotta";51
"2022";"Kuopio";"7 vuotta ja yli";0
"2022";"Kuortane";"Yhteensä";4
"2022";"Kuortane";"0 vuotta";0
"2022";"Kuortane";"1 vuotta";1
"2022";"Kuortane";"2 vuotta";0
"2022";"Kuortane";"3 vuotta";1
"2022";"Kuortane";"4 vuotta";2
"2022";"Kuortane";"5 vuotta";0
"2022";"Kuortane";"6 vuotta";0
"2022";"Kuortane";"7 vuotta ja yli";0
"2022";"Kurikka";"Yhteensä";27
"2022";"Kurikka";"0 vuotta";0
"2022";"Kurikka";"1 vuotta";2
"2022";"Kurikka";"2 vuotta";2
"2022";"Kurikka";"3 vuotta";6
"2022";"Kurikka";"4 vuotta";8
"2022";"Kurikka";"5 vuotta";6
"2022";"Kurikka";"6 vuotta";3
"2022";"Kurikka";"7 vuotta ja yli";0
"2022";"Kustavi";"Yhteensä";0
"2022";"Kustavi";"0 vuotta";0
"2022";"Kustavi";"1 vuotta";0
"2022";"Kustavi";"2 vuotta";0
"2022";"Kustavi";"3 vuotta";0
"2022";"Kustavi";"4 vuotta";0
"2022";"Kustavi";"5 vuotta";0
"2022";"Kustavi";"6 vuotta";0
"2022";"Kustavi";"7 vuotta ja yli";0
"2022";"Kuusamo";"Yhteensä";35
"2022";"Kuusamo";"0 vuotta";0
"2022";"Kuusamo";"1 vuotta";3
"2022";"Kuusamo";"2 vuotta";5
"2022";"Kuusamo";"3 vuotta";4
"2022";"Kuusamo";"4 vuotta";5
"2022";"Kuusamo";"5 vuotta";7
"2022";"Kuusamo";"6 vuotta";11
"2022";"Kuusamo";"7 vuotta ja yli";0
"2022";"Kyyjärvi";"Yhteensä";1
"2022";"Kyyjärvi";"0 vuotta";0
"2022";"Kyyjärvi";"1 vuotta";0
"2022";"Kyyjärvi";"2 vuotta";0
"2022";"Kyyjärvi";"3 vuotta";0
"2022";"Kyyjärvi";"4 vuotta";1
"2022";"Kyyjärvi";"5 vuotta";0
"2022";"Kyyjärvi";"6 vuotta";0
"2022";"Kyyjärvi";"7 vuotta ja yli";0
"2022";"Kärkölä";"Yhteensä";3
"2022";"Kärkölä";"0 vuotta";0
"2022";"Kärkölä";"1 vuotta";1
"2022";"Kärkölä";"2 vuotta";0
"2022";"Kärkölä";"3 vuotta";1
"2022";"Kärkölä";"4 vuotta";1
"2022";"Kärkölä";"5 vuotta";0
"2022";"Kärkölä";"6 vuotta";0
"2022";"Kärkölä";"7 vuotta ja yli";0
"2022";"Kärsämäki";"Yhteensä";2
"2022";"Kärsämäki";"0 vuotta";0
"2022";"Kärsämäki";"1 vuotta";0
"2022";"Kärsämäki";"2 vuotta";0
"2022";"Kärsämäki";"3 vuotta";1
"2022";"Kärsämäki";"4 vuotta";0
"2022";"Kärsämäki";"5 vuotta";0
"2022";"Kärsämäki";"6 vuotta";1
"2022";"Kärsämäki";"7 vuotta ja yli";0
"2022";"Kökar";"Yhteensä";0
"2022";"Kökar";"0 vuotta";0
"2022";"Kökar";"1 vuotta";0
"2022";"Kökar";"2 vuotta";0
"2022";"Kökar";"3 vuotta";0
"2022";"Kökar";"4 vuotta";0
"2022";"Kökar";"5 vuotta";0
"2022";"Kökar";"6 vuotta";0
"2022";"Kökar";"7 vuotta ja yli";0
"2022";"Lahti";"Yhteensä";536
"2022";"Lahti";"0 vuotta";3
"2022";"Lahti";"1 vuotta";38
"2022";"Lahti";"2 vuotta";63
"2022";"Lahti";"3 vuotta";92
"2022";"Lahti";"4 vuotta";101
"2022";"Lahti";"5 vuotta";115
"2022";"Lahti";"6 vuotta";122
"2022";"Lahti";"7 vuotta ja yli";2
"2022";"Laihia";"Yhteensä";3
"2022";"Laihia";"0 vuotta";0
"2022";"Laihia";"1 vuotta";0
"2022";"Laihia";"2 vuotta";0
"2022";"Laihia";"3 vuotta";0
"2022";"Laihia";"4 vuotta";1
"2022";"Laihia";"5 vuotta";2
"2022";"Laihia";"6 vuotta";0
"2022";"Laihia";"7 vuotta ja yli";0
"2022";"Laitila";"Yhteensä";54
"2022";"Laitila";"0 vuotta";1
"2022";"Laitila";"1 vuotta";11
"2022";"Laitila";"2 vuotta";8
"2022";"Laitila";"3 vuotta";6
"2022";"Laitila";"4 vuotta";10
"2022";"Laitila";"5 vuotta";13
"2022";"Laitila";"6 vuotta";5
"2022";"Laitila";"7 vuotta ja yli";0
"2022";"Lapinjärvi";"Yhteensä";10
"2022";"Lapinjärvi";"0 vuotta";0
"2022";"Lapinjärvi";"1 vuotta";1
"2022";"Lapinjärvi";"2 vuotta";1
"2022";"Lapinjärvi";"3 vuotta";3
"2022";"Lapinjärvi";"4 vuotta";3
"2022";"Lapinjärvi";"5 vuotta";1
"2022";"Lapinjärvi";"6 vuotta";1
"2022";"Lapinjärvi";"7 vuotta ja yli";0
"2022";"Lapinlahti";"Yhteensä";9
"2022";"Lapinlahti";"0 vuotta";0
"2022";"Lapinlahti";"1 vuotta";1
"2022";"Lapinlahti";"2 vuotta";0
"2022";"Lapinlahti";"3 vuotta";1
"2022";"Lapinlahti";"4 vuotta";3
"2022";"Lapinlahti";"5 vuotta";3
"2022";"Lapinlahti";"6 vuotta";1
"2022";"Lapinlahti";"7 vuotta ja yli";0
"2022";"Lappajärvi";"Yhteensä";3
"2022";"Lappajärvi";"0 vuotta";0
"2022";"Lappajärvi";"1 vuotta";0
"2022";"Lappajärvi";"2 vuotta";2
"2022";"Lappajärvi";"3 vuotta";0
"2022";"Lappajärvi";"4 vuotta";0
"2022";"Lappajärvi";"5 vuotta";1
"2022";"Lappajärvi";"6 vuotta";0
"2022";"Lappajärvi";"7 vuotta ja yli";0
"2022";"Lappeenranta";"Yhteensä";239
"2022";"Lappeenranta";"0 vuotta";1
"2022";"Lappeenranta";"1 vuotta";11
"2022";"Lappeenranta";"2 vuotta";39
"2022";"Lappeenranta";"3 vuotta";51
"2022";"Lappeenranta";"4 vuotta";41
"2022";"Lappeenranta";"5 vuotta";52
"2022";"Lappeenranta";"6 vuotta";44
"2022";"Lappeenranta";"7 vuotta ja yli";0
"2022";"Lapua";"Yhteensä";35
"2022";"Lapua";"0 vuotta";0
"2022";"Lapua";"1 vuotta";7
"2022";"Lapua";"2 vuotta";3
"2022";"Lapua";"3 vuotta";5
"2022";"Lapua";"4 vuotta";8
"2022";"Lapua";"5 vuotta";5
"2022";"Lapua";"6 vuotta";5
"2022";"Lapua";"7 vuotta ja yli";2
"2022";"Laukaa";"Yhteensä";12
"2022";"Laukaa";"0 vuotta";0
"2022";"Laukaa";"1 vuotta";1
"2022";"Laukaa";"2 vuotta";0
"2022";"Laukaa";"3 vuotta";1
"2022";"Laukaa";"4 vuotta";2
"2022";"Laukaa";"5 vuotta";5
"2022";"Laukaa";"6 vuotta";3
"2022";"Laukaa";"7 vuotta ja yli";0
"2022";"Lemi";"Yhteensä";1
"2022";"Lemi";"0 vuotta";0
"2022";"Lemi";"1 vuotta";1
"2022";"Lemi";"2 vuotta";0
"2022";"Lemi";"3 vuotta";0
"2022";"Lemi";"4 vuotta";0
"2022";"Lemi";"5 vuotta";0
"2022";"Lemi";"6 vuotta";0
"2022";"Lemi";"7 vuotta ja yli";0
"2022";"Lemland";"Yhteensä";0
"2022";"Lemland";"0 vuotta";0
"2022";"Lemland";"1 vuotta";0
"2022";"Lemland";"2 vuotta";0
"2022";"Lemland";"3 vuotta";0
"2022";"Lemland";"4 vuotta";0
"2022";"Lemland";"5 vuotta";0
"2022";"Lemland";"6 vuotta";0
"2022";"Lemland";"7 vuotta ja yli";0
"2022";"Lempäälä";"Yhteensä";30
"2022";"Lempäälä";"0 vuotta";0
"2022";"Lempäälä";"1 vuotta";2
"2022";"Lempäälä";"2 vuotta";5
"2022";"Lempäälä";"3 vuotta";5
"2022";"Lempäälä";"4 vuotta";9
"2022";"Lempäälä";"5 vuotta";9
"2022";"Lempäälä";"6 vuotta";0
"2022";"Lempäälä";"7 vuotta ja yli";0
"2022";"Leppävirta";"Yhteensä";10
"2022";"Leppävirta";"0 vuotta";0
"2022";"Leppävirta";"1 vuotta";1
"2022";"Leppävirta";"2 vuotta";1
"2022";"Leppävirta";"3 vuotta";1
"2022";"Leppävirta";"4 vuotta";3
"2022";"Leppävirta";"5 vuotta";1
"2022";"Leppävirta";"6 vuotta";2
"2022";"Leppävirta";"7 vuotta ja yli";1
"2022";"Lestijärvi";"Yhteensä";1
"2022";"Lestijärvi";"0 vuotta";0
"2022";"Lestijärvi";"1 vuotta";0
"2022";"Lestijärvi";"2 vuotta";0
"2022";"Lestijärvi";"3 vuotta";0
"2022";"Lestijärvi";"4 vuotta";0
"2022";"Lestijärvi";"5 vuotta";1
"2022";"Lestijärvi";"6 vuotta";0
"2022";"Lestijärvi";"7 vuotta ja yli";0
"2022";"Lieksa";"Yhteensä";22
"2022";"Lieksa";"0 vuotta";0
"2022";"Lieksa";"1 vuotta";3
"2022";"Lieksa";"2 vuotta";4
"2022";"Lieksa";"3 vuotta";2
"2022";"Lieksa";"4 vuotta";2
"2022";"Lieksa";"5 vuotta";2
"2022";"Lieksa";"6 vuotta";8
"2022";"Lieksa";"7 vuotta ja yli";1
"2022";"Lieto";"Yhteensä";48
"2022";"Lieto";"0 vuotta";0
"2022";"Lieto";"1 vuotta";5
"2022";"Lieto";"2 vuotta";7
"2022";"Lieto";"3 vuotta";8
"2022";"Lieto";"4 vuotta";5
"2022";"Lieto";"5 vuotta";14
"2022";"Lieto";"6 vuotta";9
"2022";"Lieto";"7 vuotta ja yli";0
"2022";"Liminka";"Yhteensä";9
"2022";"Liminka";"0 vuotta";0
"2022";"Liminka";"1 vuotta";2
"2022";"Liminka";"2 vuotta";1
"2022";"Liminka";"3 vuotta";2
"2022";"Liminka";"4 vuotta";0
"2022";"Liminka";"5 vuotta";3
"2022";"Liminka";"6 vuotta";1
"2022";"Liminka";"7 vuotta ja yli";0
"2022";"Liperi";"Yhteensä";6
"2022";"Liperi";"0 vuotta";0
"2022";"Liperi";"1 vuotta";0
"2022";"Liperi";"2 vuotta";1
"2022";"Liperi";"3 vuotta";1
"2022";"Liperi";"4 vuotta";1
"2022";"Liperi";"5 vuotta";2
"2022";"Liperi";"6 vuotta";0
"2022";"Liperi";"7 vuotta ja yli";1
"2022";"Lohja";"Yhteensä";160
"2022";"Lohja";"0 vuotta";0
"2022";"Lohja";"1 vuotta";9
"2022";"Lohja";"2 vuotta";20
"2022";"Lohja";"3 vuotta";29
"2022";"Lohja";"4 vuotta";31
"2022";"Lohja";"5 vuotta";34
"2022";"Lohja";"6 vuotta";32
"2022";"Lohja";"7 vuotta ja yli";5
"2022";"Loimaa";"Yhteensä";30
"2022";"Loimaa";"0 vuotta";0
"2022";"Loimaa";"1 vuotta";0
"2022";"Loimaa";"2 vuotta";2
"2022";"Loimaa";"3 vuotta";5
"2022";"Loimaa";"4 vuotta";9
"2022";"Loimaa";"5 vuotta";9
"2022";"Loimaa";"6 vuotta";5
"2022";"Loimaa";"7 vuotta ja yli";0
"2022";"Loppi";"Yhteensä";9
"2022";"Loppi";"0 vuotta";0
"2022";"Loppi";"1 vuotta";0
"2022";"Loppi";"2 vuotta";2
"2022";"Loppi";"3 vuotta";0
"2022";"Loppi";"4 vuotta";3
"2022";"Loppi";"5 vuotta";4
"2022";"Loppi";"6 vuotta";0
"2022";"Loppi";"7 vuotta ja yli";0
"2022";"Loviisa";"Yhteensä";40
"2022";"Loviisa";"0 vuotta";0
"2022";"Loviisa";"1 vuotta";4
"2022";"Loviisa";"2 vuotta";6
"2022";"Loviisa";"3 vuotta";4
"2022";"Loviisa";"4 vuotta";7
"2022";"Loviisa";"5 vuotta";16
"2022";"Loviisa";"6 vuotta";3
"2022";"Loviisa";"7 vuotta ja yli";0
"2022";"Luhanka";"Yhteensä";0
"2022";"Luhanka";"0 vuotta";0
"2022";"Luhanka";"1 vuotta";0
"2022";"Luhanka";"2 vuotta";0
"2022";"Luhanka";"3 vuotta";0
"2022";"Luhanka";"4 vuotta";0
"2022";"Luhanka";"5 vuotta";0
"2022";"Luhanka";"6 vuotta";0
"2022";"Luhanka";"7 vuotta ja yli";0
"2022";"Lumijoki";"Yhteensä";6
"2022";"Lumijoki";"0 vuotta";0
"2022";"Lumijoki";"1 vuotta";1
"2022";"Lumijoki";"2 vuotta";1
"2022";"Lumijoki";"3 vuotta";1
"2022";"Lumijoki";"4 vuotta";3
"2022";"Lumijoki";"5 vuotta";0
"2022";"Lumijoki";"6 vuotta";0
"2022";"Lumijoki";"7 vuotta ja yli";0
"2022";"Lumparland";"Yhteensä";0
"2022";"Lumparland";"0 vuotta";0
"2022";"Lumparland";"1 vuotta";0
"2022";"Lumparland";"2 vuotta";0
"2022";"Lumparland";"3 vuotta";0
"2022";"Lumparland";"4 vuotta";0
"2022";"Lumparland";"5 vuotta";0
"2022";"Lumparland";"6 vuotta";0
"2022";"Lumparland";"7 vuotta ja yli";0
"2022";"Luoto";"Yhteensä";11
"2022";"Luoto";"0 vuotta";0
"2022";"Luoto";"1 vuotta";1
"2022";"Luoto";"2 vuotta";1
"2022";"Luoto";"3 vuotta";1
"2022";"Luoto";"4 vuotta";3
"2022";"Luoto";"5 vuotta";1
"2022";"Luoto";"6 vuotta";4
"2022";"Luoto";"7 vuotta ja yli";0
"2022";"Luumäki";"Yhteensä";6
"2022";"Luumäki";"0 vuotta";0
"2022";"Luumäki";"1 vuotta";2
"2022";"Luumäki";"2 vuotta";0
"2022";"Luumäki";"3 vuotta";1
"2022";"Luumäki";"4 vuotta";1
"2022";"Luumäki";"5 vuotta";1
"2022";"Luumäki";"6 vuotta";1
"2022";"Luumäki";"7 vuotta ja yli";0
"2022";"Maalahti";"Yhteensä";12
"2022";"Maalahti";"0 vuotta";1
"2022";"Maalahti";"1 vuotta";2
"2022";"Maalahti";"2 vuotta";1
"2022";"Maalahti";"3 vuotta";3
"2022";"Maalahti";"4 vuotta";2
"2022";"Maalahti";"5 vuotta";2
"2022";"Maalahti";"6 vuotta";1
"2022";"Maalahti";"7 vuotta ja yli";0
"2022";"Maarianhamina - Mariehamn";"Yhteensä";0
"2022";"Maarianhamina - Mariehamn";"0 vuotta";0
"2022";"Maarianhamina - Mariehamn";"1 vuotta";0
"2022";"Maarianhamina - Mariehamn";"2 vuotta";0
"2022";"Maarianhamina - Mariehamn";"3 vuotta";0
"2022";"Maarianhamina - Mariehamn";"4 vuotta";0
"2022";"Maarianhamina - Mariehamn";"5 vuotta";0
"2022";"Maarianhamina - Mariehamn";"6 vuotta";0
"2022";"Maarianhamina - Mariehamn";"7 vuotta ja yli";0
"2022";"Marttila";"Yhteensä";5
"2022";"Marttila";"0 vuotta";0
"2022";"Marttila";"1 vuotta";0
"2022";"Marttila";"2 vuotta";1
"2022";"Marttila";"3 vuotta";2
"2022";"Marttila";"4 vuotta";0
"2022";"Marttila";"5 vuotta";0
"2022";"Marttila";"6 vuotta";2
"2022";"Marttila";"7 vuotta ja yli";0
"2022";"Masku";"Yhteensä";9
"2022";"Masku";"0 vuotta";0
"2022";"Masku";"1 vuotta";1
"2022";"Masku";"2 vuotta";1
"2022";"Masku";"3 vuotta";0
"2022";"Masku";"4 vuotta";2
"2022";"Masku";"5 vuotta";2
"2022";"Masku";"6 vuotta";3
"2022";"Masku";"7 vuotta ja yli";0
"2022";"Merijärvi";"Yhteensä";0
"2022";"Merijärvi";"0 vuotta";0
"2022";"Merijärvi";"1 vuotta";0
"2022";"Merijärvi";"2 vuotta";0
"2022";"Merijärvi";"3 vuotta";0
"2022";"Merijärvi";"4 vuotta";0
"2022";"Merijärvi";"5 vuotta";0
"2022";"Merijärvi";"6 vuotta";0
"2022";"Merijärvi";"7 vuotta ja yli";0
"2022";"Merikarvia";"Yhteensä";10
"2022";"Merikarvia";"0 vuotta";0
"2022";"Merikarvia";"1 vuotta";0
"2022";"Merikarvia";"2 vuotta";1
"2022";"Merikarvia";"3 vuotta";1
"2022";"Merikarvia";"4 vuotta";1
"2022";"Merikarvia";"5 vuotta";1
"2022";"Merikarvia";"6 vuotta";3
"2022";"Merikarvia";"7 vuotta ja yli";3
"2022";"Miehikkälä";"Yhteensä";3
"2022";"Miehikkälä";"0 vuotta";0
"2022";"Miehikkälä";"1 vuotta";0
"2022";"Miehikkälä";"2 vuotta";1
"2022";"Miehikkälä";"3 vuotta";1
"2022";"Miehikkälä";"4 vuotta";0
"2022";"Miehikkälä";"5 vuotta";1
"2022";"Miehikkälä";"6 vuotta";0
"2022";"Miehikkälä";"7 vuotta ja yli";0
"2022";"Mikkeli";"Yhteensä";124
"2022";"Mikkeli";"0 vuotta";1
"2022";"Mikkeli";"1 vuotta";12
"2022";"Mikkeli";"2 vuotta";18
"2022";"Mikkeli";"3 vuotta";14
"2022";"Mikkeli";"4 vuotta";24
"2022";"Mikkeli";"5 vuotta";26
"2022";"Mikkeli";"6 vuotta";26
"2022";"Mikkeli";"7 vuotta ja yli";3
"2022";"Muhos";"Yhteensä";6
"2022";"Muhos";"0 vuotta";0
"2022";"Muhos";"1 vuotta";0
"2022";"Muhos";"2 vuotta";1
"2022";"Muhos";"3 vuotta";1
"2022";"Muhos";"4 vuotta";1
"2022";"Muhos";"5 vuotta";1
"2022";"Muhos";"6 vuotta";2
"2022";"Muhos";"7 vuotta ja yli";0
"2022";"Multia";"Yhteensä";2
"2022";"Multia";"0 vuotta";0
"2022";"Multia";"1 vuotta";0
"2022";"Multia";"2 vuotta";1
"2022";"Multia";"3 vuotta";0
"2022";"Multia";"4 vuotta";0
"2022";"Multia";"5 vuotta";0
"2022";"Multia";"6 vuotta";1
"2022";"Multia";"7 vuotta ja yli";0
"2022";"Muonio";"Yhteensä";0
"2022";"Muonio";"0 vuotta";0
"2022";"Muonio";"1 vuotta";0
"2022";"Muonio";"2 vuotta";0
"2022";"Muonio";"3 vuotta";0
"2022";"Muonio";"4 vuotta";0
"2022";"Muonio";"5 vuotta";0
"2022";"Muonio";"6 vuotta";0
"2022";"Muonio";"7 vuotta ja yli";0
"2022";"Mustasaari";"Yhteensä";26
"2022";"Mustasaari";"0 vuotta";0
"2022";"Mustasaari";"1 vuotta";1
"2022";"Mustasaari";"2 vuotta";6
"2022";"Mustasaari";"3 vuotta";5
"2022";"Mustasaari";"4 vuotta";4
"2022";"Mustasaari";"5 vuotta";7
"2022";"Mustasaari";"6 vuotta";2
"2022";"Mustasaari";"7 vuotta ja yli";1
"2022";"Muurame";"Yhteensä";7
"2022";"Muurame";"0 vuotta";0
"2022";"Muurame";"1 vuotta";0
"2022";"Muurame";"2 vuotta";2
"2022";"Muurame";"3 vuotta";4
"2022";"Muurame";"4 vuotta";1
"2022";"Muurame";"5 vuotta";0
"2022";"Muurame";"6 vuotta";0
"2022";"Muurame";"7 vuotta ja yli";0
"2022";"Mynämäki";"Yhteensä";19
"2022";"Mynämäki";"0 vuotta";0
"2022";"Mynämäki";"1 vuotta";5
"2022";"Mynämäki";"2 vuotta";1
"2022";"Mynämäki";"3 vuotta";3
"2022";"Mynämäki";"4 vuotta";6
"2022";"Mynämäki";"5 vuotta";3
"2022";"Mynämäki";"6 vuotta";1
"2022";"Mynämäki";"7 vuotta ja yli";0
"2022";"Myrskylä";"Yhteensä";7
"2022";"Myrskylä";"0 vuotta";0
"2022";"Myrskylä";"1 vuotta";0
"2022";"Myrskylä";"2 vuotta";1
"2022";"Myrskylä";"3 vuotta";1
"2022";"Myrskylä";"4 vuotta";1
"2022";"Myrskylä";"5 vuotta";2
"2022";"Myrskylä";"6 vuotta";1
"2022";"Myrskylä";"7 vuotta ja yli";1
"2022";"Mäntsälä";"Yhteensä";46
"2022";"Mäntsälä";"0 vuotta";0
"2022";"Mäntsälä";"1 vuotta";3
"2022";"Mäntsälä";"2 vuotta";9
"2022";"Mäntsälä";"3 vuotta";7
"2022";"Mäntsälä";"4 vuotta";13
"2022";"Mäntsälä";"5 vuotta";5
"2022";"Mäntsälä";"6 vuotta";9
"2022";"Mäntsälä";"7 vuotta ja yli";0
"2022";"Mänttä-Vilppula";"Yhteensä";19
"2022";"Mänttä-Vilppula";"0 vuotta";0
"2022";"Mänttä-Vilppula";"1 vuotta";1
"2022";"Mänttä-Vilppula";"2 vuotta";5
"2022";"Mänttä-Vilppula";"3 vuotta";2
"2022";"Mänttä-Vilppula";"4 vuotta";5
"2022";"Mänttä-Vilppula";"5 vuotta";4
"2022";"Mänttä-Vilppula";"6 vuotta";2
"2022";"Mänttä-Vilppula";"7 vuotta ja yli";0
"2022";"Mäntyharju";"Yhteensä";2
"2022";"Mäntyharju";"0 vuotta";0
"2022";"Mäntyharju";"1 vuotta";1
"2022";"Mäntyharju";"2 vuotta";0
"2022";"Mäntyharju";"3 vuotta";1
"2022";"Mäntyharju";"4 vuotta";0
"2022";"Mäntyharju";"5 vuotta";0
"2022";"Mäntyharju";"6 vuotta";0
"2022";"Mäntyharju";"7 vuotta ja yli";0
"2022";"Naantali";"Yhteensä";27
"2022";"Naantali";"0 vuotta";0
"2022";"Naantali";"1 vuotta";1
"2022";"Naantali";"2 vuotta";4
"2022";"Naantali";"3 vuotta";4
"2022";"Naantali";"4 vuotta";8
"2022";"Naantali";"5 vuotta";3
"2022";"Naantali";"6 vuotta";7
"2022";"Naantali";"7 vuotta ja yli";0
"2022";"Nakkila";"Yhteensä";3
"2022";"Nakkila";"0 vuotta";0
"2022";"Nakkila";"1 vuotta";0
"2022";"Nakkila";"2 vuotta";0
"2022";"Nakkila";"3 vuotta";1
"2022";"Nakkila";"4 vuotta";1
"2022";"Nakkila";"5 vuotta";0
"2022";"Nakkila";"6 vuotta";1
"2022";"Nakkila";"7 vuotta ja yli";0
"2022";"Nivala";"Yhteensä";5
"2022";"Nivala";"0 vuotta";0
"2022";"Nivala";"1 vuotta";0
"2022";"Nivala";"2 vuotta";1
"2022";"Nivala";"3 vuotta";1
"2022";"Nivala";"4 vuotta";1
"2022";"Nivala";"5 vuotta";0
"2022";"Nivala";"6 vuotta";2
"2022";"Nivala";"7 vuotta ja yli";0
"2022";"Nokia";"Yhteensä";54
"2022";"Nokia";"0 vuotta";0
"2022";"Nokia";"1 vuotta";1
"2022";"Nokia";"2 vuotta";8
"2022";"Nokia";"3 vuotta";12
"2022";"Nokia";"4 vuotta";12
"2022";"Nokia";"5 vuotta";14
"2022";"Nokia";"6 vuotta";6
"2022";"Nokia";"7 vuotta ja yli";1
"2022";"Nousiainen";"Yhteensä";5
"2022";"Nousiainen";"0 vuotta";0
"2022";"Nousiainen";"1 vuotta";1
"2022";"Nousiainen";"2 vuotta";1
"2022";"Nousiainen";"3 vuotta";3
"2022";"Nousiainen";"4 vuotta";0
"2022";"Nousiainen";"5 vuotta";0
"2022";"Nousiainen";"6 vuotta";0
"2022";"Nousiainen";"7 vuotta ja yli";0
"2022";"Nurmes";"Yhteensä";20
"2022";"Nurmes";"0 vuotta";0
"2022";"Nurmes";"1 vuotta";0
"2022";"Nurmes";"2 vuotta";2
"2022";"Nurmes";"3 vuotta";4
"2022";"Nurmes";"4 vuotta";2
"2022";"Nurmes";"5 vuotta";4
"2022";"Nurmes";"6 vuotta";8
"2022";"Nurmes";"7 vuotta ja yli";0
"2022";"Nurmijärvi";"Yhteensä";197
"2022";"Nurmijärvi";"0 vuotta";0
"2022";"Nurmijärvi";"1 vuotta";13
"2022";"Nurmijärvi";"2 vuotta";33
"2022";"Nurmijärvi";"3 vuotta";46
"2022";"Nurmijärvi";"4 vuotta";39
"2022";"Nurmijärvi";"5 vuotta";27
"2022";"Nurmijärvi";"6 vuotta";39
"2022";"Nurmijärvi";"7 vuotta ja yli";0
"2022";"Närpiö";"Yhteensä";138
"2022";"Närpiö";"0 vuotta";1
"2022";"Närpiö";"1 vuotta";24
"2022";"Närpiö";"2 vuotta";21
"2022";"Närpiö";"3 vuotta";29
"2022";"Närpiö";"4 vuotta";34
"2022";"Närpiö";"5 vuotta";28
"2022";"Närpiö";"6 vuotta";1
"2022";"Närpiö";"7 vuotta ja yli";0
"2022";"Orimattila";"Yhteensä";27
"2022";"Orimattila";"0 vuotta";0
"2022";"Orimattila";"1 vuotta";1
"2022";"Orimattila";"2 vuotta";5
"2022";"Orimattila";"3 vuotta";5
"2022";"Orimattila";"4 vuotta";3
"2022";"Orimattila";"5 vuotta";8
"2022";"Orimattila";"6 vuotta";5
"2022";"Orimattila";"7 vuotta ja yli";0
"2022";"Oripää";"Yhteensä";6
"2022";"Oripää";"0 vuotta";0
"2022";"Oripää";"1 vuotta";0
"2022";"Oripää";"2 vuotta";0
"2022";"Oripää";"3 vuotta";3
"2022";"Oripää";"4 vuotta";0
"2022";"Oripää";"5 vuotta";3
"2022";"Oripää";"6 vuotta";0
"2022";"Oripää";"7 vuotta ja yli";0
"2022";"Orivesi";"Yhteensä";6
"2022";"Orivesi";"0 vuotta";0
"2022";"Orivesi";"1 vuotta";0
"2022";"Orivesi";"2 vuotta";1
"2022";"Orivesi";"3 vuotta";2
"2022";"Orivesi";"4 vuotta";1
"2022";"Orivesi";"5 vuotta";0
"2022";"Orivesi";"6 vuotta";2
"2022";"Orivesi";"7 vuotta ja yli";0
"2022";"Oulainen";"Yhteensä";4
"2022";"Oulainen";"0 vuotta";0
"2022";"Oulainen";"1 vuotta";0
"2022";"Oulainen";"2 vuotta";1
"2022";"Oulainen";"3 vuotta";1
"2022";"Oulainen";"4 vuotta";1
"2022";"Oulainen";"5 vuotta";0
"2022";"Oulainen";"6 vuotta";1
"2022";"Oulainen";"7 vuotta ja yli";0
"2022";"Oulu";"Yhteensä";673
"2022";"Oulu";"0 vuotta";5
"2022";"Oulu";"1 vuotta";69
"2022";"Oulu";"2 vuotta";112
"2022";"Oulu";"3 vuotta";106
"2022";"Oulu";"4 vuotta";114
"2022";"Oulu";"5 vuotta";134
"2022";"Oulu";"6 vuotta";120
"2022";"Oulu";"7 vuotta ja yli";13
"2022";"Outokumpu";"Yhteensä";19
"2022";"Outokumpu";"0 vuotta";0
"2022";"Outokumpu";"1 vuotta";1
"2022";"Outokumpu";"2 vuotta";2
"2022";"Outokumpu";"3 vuotta";4
"2022";"Outokumpu";"4 vuotta";3
"2022";"Outokumpu";"5 vuotta";2
"2022";"Outokumpu";"6 vuotta";7
"2022";"Outokumpu";"7 vuotta ja yli";0
"2022";"Padasjoki";"Yhteensä";3
"2022";"Padasjoki";"0 vuotta";0
"2022";"Padasjoki";"1 vuotta";0
"2022";"Padasjoki";"2 vuotta";0
"2022";"Padasjoki";"3 vuotta";0
"2022";"Padasjoki";"4 vuotta";1
"2022";"Padasjoki";"5 vuotta";0
"2022";"Padasjoki";"6 vuotta";2
"2022";"Padasjoki";"7 vuotta ja yli";0
"2022";"Paimio";"Yhteensä";32
"2022";"Paimio";"0 vuotta";1
"2022";"Paimio";"1 vuotta";1
"2022";"Paimio";"2 vuotta";3
"2022";"Paimio";"3 vuotta";9
"2022";"Paimio";"4 vuotta";6
"2022";"Paimio";"5 vuotta";4
"2022";"Paimio";"6 vuotta";8
"2022";"Paimio";"7 vuotta ja yli";0
"2022";"Paltamo";"Yhteensä";13
"2022";"Paltamo";"0 vuotta";0
"2022";"Paltamo";"1 vuotta";1
"2022";"Paltamo";"2 vuotta";3
"2022";"Paltamo";"3 vuotta";3
"2022";"Paltamo";"4 vuotta";1
"2022";"Paltamo";"5 vuotta";0
"2022";"Paltamo";"6 vuotta";5
"2022";"Paltamo";"7 vuotta ja yli";0
"2022";"Parainen";"Yhteensä";35
"2022";"Parainen";"0 vuotta";0
"2022";"Parainen";"1 vuotta";1
"2022";"Parainen";"2 vuotta";5
"2022";"Parainen";"3 vuotta";7
"2022";"Parainen";"4 vuotta";5
"2022";"Parainen";"5 vuotta";8
"2022";"Parainen";"6 vuotta";8
"2022";"Parainen";"7 vuotta ja yli";1
"2022";"Parikkala";"Yhteensä";1
"2022";"Parikkala";"0 vuotta";0
"2022";"Parikkala";"1 vuotta";0
"2022";"Parikkala";"2 vuotta";0
"2022";"Parikkala";"3 vuotta";1
"2022";"Parikkala";"4 vuotta";0
"2022";"Parikkala";"5 vuotta";0
"2022";"Parikkala";"6 vuotta";0
"2022";"Parikkala";"7 vuotta ja yli";0
"2022";"Parkano";"Yhteensä";3
"2022";"Parkano";"0 vuotta";0
"2022";"Parkano";"1 vuotta";0
"2022";"Parkano";"2 vuotta";1
"2022";"Parkano";"3 vuotta";0
"2022";"Parkano";"4 vuotta";2
"2022";"Parkano";"5 vuotta";0
"2022";"Parkano";"6 vuotta";0
"2022";"Parkano";"7 vuotta ja yli";0
"2022";"Pedersören kunta";"Yhteensä";29
"2022";"Pedersören kunta";"0 vuotta";0
"2022";"Pedersören kunta";"1 vuotta";3
"2022";"Pedersören kunta";"2 vuotta";5
"2022";"Pedersören kunta";"3 vuotta";2
"2022";"Pedersören kunta";"4 vuotta";7
"2022";"Pedersören kunta";"5 vuotta";4
"2022";"Pedersören kunta";"6 vuotta";8
"2022";"Pedersören kunta";"7 vuotta ja yli";0
"2022";"Pelkosenniemi";"Yhteensä";0
"2022";"Pelkosenniemi";"0 vuotta";0
"2022";"Pelkosenniemi";"1 vuotta";0
"2022";"Pelkosenniemi";"2 vuotta";0
"2022";"Pelkosenniemi";"3 vuotta";0
"2022";"Pelkosenniemi";"4 vuotta";0
"2022";"Pelkosenniemi";"5 vuotta";0
"2022";"Pelkosenniemi";"6 vuotta";0
"2022";"Pelkosenniemi";"7 vuotta ja yli";0
"2022";"Pello";"Yhteensä";3
"2022";"Pello";"0 vuotta";0
"2022";"Pello";"1 vuotta";0
"2022";"Pello";"2 vuotta";0
"2022";"Pello";"3 vuotta";1
"2022";"Pello";"4 vuotta";0
"2022";"Pello";"5 vuotta";1
"2022";"Pello";"6 vuotta";1
"2022";"Pello";"7 vuotta ja yli";0
"2022";"Perho";"Yhteensä";0
"2022";"Perho";"0 vuotta";0
"2022";"Perho";"1 vuotta";0
"2022";"Perho";"2 vuotta";0
"2022";"Perho";"3 vuotta";0
"2022";"Perho";"4 vuotta";0
"2022";"Perho";"5 vuotta";0
"2022";"Perho";"6 vuotta";0
"2022";"Perho";"7 vuotta ja yli";0
"2022";"Pertunmaa";"Yhteensä";1
"2022";"Pertunmaa";"0 vuotta";0
"2022";"Pertunmaa";"1 vuotta";0
"2022";"Pertunmaa";"2 vuotta";0
"2022";"Pertunmaa";"3 vuotta";0
"2022";"Pertunmaa";"4 vuotta";0
"2022";"Pertunmaa";"5 vuotta";1
"2022";"Pertunmaa";"6 vuotta";0
"2022";"Pertunmaa";"7 vuotta ja yli";0
"2022";"Petäjävesi";"Yhteensä";3
"2022";"Petäjävesi";"0 vuotta";0
"2022";"Petäjävesi";"1 vuotta";0
"2022";"Petäjävesi";"2 vuotta";0
"2022";"Petäjävesi";"3 vuotta";1
"2022";"Petäjävesi";"4 vuotta";0
"2022";"Petäjävesi";"5 vuotta";2
"2022";"Petäjävesi";"6 vuotta";0
"2022";"Petäjävesi";"7 vuotta ja yli";0
"2022";"Pieksämäki";"Yhteensä";47
"2022";"Pieksämäki";"0 vuotta";0
"2022";"Pieksämäki";"1 vuotta";3
"2022";"Pieksämäki";"2 vuotta";5
"2022";"Pieksämäki";"3 vuotta";9
"2022";"Pieksämäki";"4 vuotta";6
"2022";"Pieksämäki";"5 vuotta";12
"2022";"Pieksämäki";"6 vuotta";12
"2022";"Pieksämäki";"7 vuotta ja yli";0
"2022";"Pielavesi";"Yhteensä";2
"2022";"Pielavesi";"0 vuotta";0
"2022";"Pielavesi";"1 vuotta";0
"2022";"Pielavesi";"2 vuotta";0
"2022";"Pielavesi";"3 vuotta";1
"2022";"Pielavesi";"4 vuotta";1
"2022";"Pielavesi";"5 vuotta";0
"2022";"Pielavesi";"6 vuotta";0
"2022";"Pielavesi";"7 vuotta ja yli";0
"2022";"Pietarsaari";"Yhteensä";197
"2022";"Pietarsaari";"0 vuotta";1
"2022";"Pietarsaari";"1 vuotta";21
"2022";"Pietarsaari";"2 vuotta";36
"2022";"Pietarsaari";"3 vuotta";36
"2022";"Pietarsaari";"4 vuotta";32
"2022";"Pietarsaari";"5 vuotta";43
"2022";"Pietarsaari";"6 vuotta";27
"2022";"Pietarsaari";"7 vuotta ja yli";1
"2022";"Pihtipudas";"Yhteensä";3
"2022";"Pihtipudas";"0 vuotta";0
"2022";"Pihtipudas";"1 vuotta";0
"2022";"Pihtipudas";"2 vuotta";1
"2022";"Pihtipudas";"3 vuotta";0
"2022";"Pihtipudas";"4 vuotta";1
"2022";"Pihtipudas";"5 vuotta";1
"2022";"Pihtipudas";"6 vuotta";0
"2022";"Pihtipudas";"7 vuotta ja yli";0
"2022";"Pirkkala";"Yhteensä";42
"2022";"Pirkkala";"0 vuotta";0
"2022";"Pirkkala";"1 vuotta";4
"2022";"Pirkkala";"2 vuotta";4
"2022";"Pirkkala";"3 vuotta";15
"2022";"Pirkkala";"4 vuotta";7
"2022";"Pirkkala";"5 vuotta";12
"2022";"Pirkkala";"6 vuotta";0
"2022";"Pirkkala";"7 vuotta ja yli";0
"2022";"Polvijärvi";"Yhteensä";1
"2022";"Polvijärvi";"0 vuotta";0
"2022";"Polvijärvi";"1 vuotta";0
"2022";"Polvijärvi";"2 vuotta";0
"2022";"Polvijärvi";"3 vuotta";0
"2022";"Polvijärvi";"4 vuotta";1
"2022";"Polvijärvi";"5 vuotta";0
"2022";"Polvijärvi";"6 vuotta";0
"2022";"Polvijärvi";"7 vuotta ja yli";0
"2022";"Pomarkku";"Yhteensä";0
"2022";"Pomarkku";"0 vuotta";0
"2022";"Pomarkku";"1 vuotta";0
"2022";"Pomarkku";"2 vuotta";0
"2022";"Pomarkku";"3 vuotta";0
"2022";"Pomarkku";"4 vuotta";0
"2022";"Pomarkku";"5 vuotta";0
"2022";"Pomarkku";"6 vuotta";0
"2022";"Pomarkku";"7 vuotta ja yli";0
"2022";"Pori";"Yhteensä";130
"2022";"Pori";"0 vuotta";0
"2022";"Pori";"1 vuotta";5
"2022";"Pori";"2 vuotta";19
"2022";"Pori";"3 vuotta";19
"2022";"Pori";"4 vuotta";31
"2022";"Pori";"5 vuotta";29
"2022";"Pori";"6 vuotta";27
"2022";"Pori";"7 vuotta ja yli";0
"2022";"Pornainen";"Yhteensä";6
"2022";"Pornainen";"0 vuotta";0
"2022";"Pornainen";"1 vuotta";0
"2022";"Pornainen";"2 vuotta";0
"2022";"Pornainen";"3 vuotta";1
"2022";"Pornainen";"4 vuotta";1
"2022";"Pornainen";"5 vuotta";2
"2022";"Pornainen";"6 vuotta";2
"2022";"Pornainen";"7 vuotta ja yli";0
"2022";"Porvoo";"Yhteensä";210
"2022";"Porvoo";"0 vuotta";1
"2022";"Porvoo";"1 vuotta";12
"2022";"Porvoo";"2 vuotta";28
"2022";"Porvoo";"3 vuotta";36
"2022";"Porvoo";"4 vuotta";30
"2022";"Porvoo";"5 vuotta";59
"2022";"Porvoo";"6 vuotta";41
"2022";"Porvoo";"7 vuotta ja yli";3
"2022";"Posio";"Yhteensä";0
"2022";"Posio";"0 vuotta";0
"2022";"Posio";"1 vuotta";0
"2022";"Posio";"2 vuotta";0
"2022";"Posio";"3 vuotta";0
"2022";"Posio";"4 vuotta";0
"2022";"Posio";"5 vuotta";0
"2022";"Posio";"6 vuotta";0
"2022";"Posio";"7 vuotta ja yli";0
"2022";"Pudasjärvi";"Yhteensä";14
"2022";"Pudasjärvi";"0 vuotta";1
"2022";"Pudasjärvi";"1 vuotta";1
"2022";"Pudasjärvi";"2 vuotta";2
"2022";"Pudasjärvi";"3 vuotta";2
"2022";"Pudasjärvi";"4 vuotta";4
"2022";"Pudasjärvi";"5 vuotta";3
"2022";"Pudasjärvi";"6 vuotta";1
"2022";"Pudasjärvi";"7 vuotta ja yli";0
"2022";"Pukkila";"Yhteensä";3
"2022";"Pukkila";"0 vuotta";0
"2022";"Pukkila";"1 vuotta";0
"2022";"Pukkila";"2 vuotta";0
"2022";"Pukkila";"3 vuotta";0
"2022";"Pukkila";"4 vuotta";0
"2022";"Pukkila";"5 vuotta";2
"2022";"Pukkila";"6 vuotta";1
"2022";"Pukkila";"7 vuotta ja yli";0
"2022";"Punkalaidun";"Yhteensä";0
"2022";"Punkalaidun";"0 vuotta";0
"2022";"Punkalaidun";"1 vuotta";0
"2022";"Punkalaidun";"2 vuotta";0
"2022";"Punkalaidun";"3 vuotta";0
"2022";"Punkalaidun";"4 vuotta";0
"2022";"Punkalaidun";"5 vuotta";0
"2022";"Punkalaidun";"6 vuotta";0
"2022";"Punkalaidun";"7 vuotta ja yli";0
"2022";"Puolanka";"Yhteensä";0
"2022";"Puolanka";"0 vuotta";0
"2022";"Puolanka";"1 vuotta";0
"2022";"Puolanka";"2 vuotta";0
"2022";"Puolanka";"3 vuotta";0
"2022";"Puolanka";"4 vuotta";0
"2022";"Puolanka";"5 vuotta";0
"2022";"Puolanka";"6 vuotta";0
"2022";"Puolanka";"7 vuotta ja yli";0
"2022";"Puumala";"Yhteensä";1
"2022";"Puumala";"0 vuotta";0
"2022";"Puumala";"1 vuotta";1
"2022";"Puumala";"2 vuotta";0
"2022";"Puumala";"3 vuotta";0
"2022";"Puumala";"4 vuotta";0
"2022";"Puumala";"5 vuotta";0
"2022";"Puumala";"6 vuotta";0
"2022";"Puumala";"7 vuotta ja yli";0
"2022";"Pyhtää";"Yhteensä";8
"2022";"Pyhtää";"0 vuotta";0
"2022";"Pyhtää";"1 vuotta";1
"2022";"Pyhtää";"2 vuotta";1
"2022";"Pyhtää";"3 vuotta";1
"2022";"Pyhtää";"4 vuotta";0
"2022";"Pyhtää";"5 vuotta";3
"2022";"Pyhtää";"6 vuotta";2
"2022";"Pyhtää";"7 vuotta ja yli";0
"2022";"Pyhäjoki";"Yhteensä";1
"2022";"Pyhäjoki";"0 vuotta";0
"2022";"Pyhäjoki";"1 vuotta";0
"2022";"Pyhäjoki";"2 vuotta";0
"2022";"Pyhäjoki";"3 vuotta";0
"2022";"Pyhäjoki";"4 vuotta";0
"2022";"Pyhäjoki";"5 vuotta";0
"2022";"Pyhäjoki";"6 vuotta";1
"2022";"Pyhäjoki";"7 vuotta ja yli";0
"2022";"Pyhäjärvi";"Yhteensä";0
"2022";"Pyhäjärvi";"0 vuotta";0
"2022";"Pyhäjärvi";"1 vuotta";0
"2022";"Pyhäjärvi";"2 vuotta";0
"2022";"Pyhäjärvi";"3 vuotta";0
"2022";"Pyhäjärvi";"4 vuotta";0
"2022";"Pyhäjärvi";"5 vuotta";0
"2022";"Pyhäjärvi";"6 vuotta";0
"2022";"Pyhäjärvi";"7 vuotta ja yli";0
"2022";"Pyhäntä";"Yhteensä";8
"2022";"Pyhäntä";"0 vuotta";0
"2022";"Pyhäntä";"1 vuotta";1
"2022";"Pyhäntä";"2 vuotta";1
"2022";"Pyhäntä";"3 vuotta";2
"2022";"Pyhäntä";"4 vuotta";0
"2022";"Pyhäntä";"5 vuotta";2
"2022";"Pyhäntä";"6 vuotta";2
"2022";"Pyhäntä";"7 vuotta ja yli";0
"2022";"Pyhäranta";"Yhteensä";1
"2022";"Pyhäranta";"0 vuotta";0
"2022";"Pyhäranta";"1 vuotta";0
"2022";"Pyhäranta";"2 vuotta";1
"2022";"Pyhäranta";"3 vuotta";0
"2022";"Pyhäranta";"4 vuotta";0
"2022";"Pyhäranta";"5 vuotta";0
"2022";"Pyhäranta";"6 vuotta";0
"2022";"Pyhäranta";"7 vuotta ja yli";0
"2022";"Pälkäne";"Yhteensä";7
"2022";"Pälkäne";"0 vuotta";0
"2022";"Pälkäne";"1 vuotta";1
"2022";"Pälkäne";"2 vuotta";0
"2022";"Pälkäne";"3 vuotta";1
"2022";"Pälkäne";"4 vuotta";0
"2022";"Pälkäne";"5 vuotta";3
"2022";"Pälkäne";"6 vuotta";2
"2022";"Pälkäne";"7 vuotta ja yli";0
"2022";"Pöytyä";"Yhteensä";28
"2022";"Pöytyä";"0 vuotta";0
"2022";"Pöytyä";"1 vuotta";1
"2022";"Pöytyä";"2 vuotta";5
"2022";"Pöytyä";"3 vuotta";4
"2022";"Pöytyä";"4 vuotta";3
"2022";"Pöytyä";"5 vuotta";11
"2022";"Pöytyä";"6 vuotta";3
"2022";"Pöytyä";"7 vuotta ja yli";1
"2022";"Raahe";"Yhteensä";55
"2022";"Raahe";"0 vuotta";0
"2022";"Raahe";"1 vuotta";4
"2022";"Raahe";"2 vuotta";11
"2022";"Raahe";"3 vuotta";4
"2022";"Raahe";"4 vuotta";13
"2022";"Raahe";"5 vuotta";9
"2022";"Raahe";"6 vuotta";10
"2022";"Raahe";"7 vuotta ja yli";4
"2022";"Raasepori";"Yhteensä";77
"2022";"Raasepori";"0 vuotta";0
"2022";"Raasepori";"1 vuotta";6
"2022";"Raasepori";"2 vuotta";14
"2022";"Raasepori";"3 vuotta";10
"2022";"Raasepori";"4 vuotta";17
"2022";"Raasepori";"5 vuotta";11
"2022";"Raasepori";"6 vuotta";19
"2022";"Raasepori";"7 vuotta ja yli";0
"2022";"Raisio";"Yhteensä";196
"2022";"Raisio";"0 vuotta";0
"2022";"Raisio";"1 vuotta";18
"2022";"Raisio";"2 vuotta";28
"2022";"Raisio";"3 vuotta";39
"2022";"Raisio";"4 vuotta";36
"2022";"Raisio";"5 vuotta";41
"2022";"Raisio";"6 vuotta";33
"2022";"Raisio";"7 vuotta ja yli";1
"2022";"Rantasalmi";"Yhteensä";6
"2022";"Rantasalmi";"0 vuotta";0
"2022";"Rantasalmi";"1 vuotta";1
"2022";"Rantasalmi";"2 vuotta";1
"2022";"Rantasalmi";"3 vuotta";3
"2022";"Rantasalmi";"4 vuotta";1
"2022";"Rantasalmi";"5 vuotta";0
"2022";"Rantasalmi";"6 vuotta";0
"2022";"Rantasalmi";"7 vuotta ja yli";0
"2022";"Ranua";"Yhteensä";4
"2022";"Ranua";"0 vuotta";0
"2022";"Ranua";"1 vuotta";1
"2022";"Ranua";"2 vuotta";0
"2022";"Ranua";"3 vuotta";0
"2022";"Ranua";"4 vuotta";1
"2022";"Ranua";"5 vuotta";0
"2022";"Ranua";"6 vuotta";2
"2022";"Ranua";"7 vuotta ja yli";0
"2022";"Rauma";"Yhteensä";184
"2022";"Rauma";"0 vuotta";0
"2022";"Rauma";"1 vuotta";18
"2022";"Rauma";"2 vuotta";32
"2022";"Rauma";"3 vuotta";32
"2022";"Rauma";"4 vuotta";35
"2022";"Rauma";"5 vuotta";42
"2022";"Rauma";"6 vuotta";24
"2022";"Rauma";"7 vuotta ja yli";1
"2022";"Rautalampi";"Yhteensä";5
"2022";"Rautalampi";"0 vuotta";0
"2022";"Rautalampi";"1 vuotta";0
"2022";"Rautalampi";"2 vuotta";0
"2022";"Rautalampi";"3 vuotta";0
"2022";"Rautalampi";"4 vuotta";2
"2022";"Rautalampi";"5 vuotta";0
"2022";"Rautalampi";"6 vuotta";3
"2022";"Rautalampi";"7 vuotta ja yli";0
"2022";"Rautavaara";"Yhteensä";1
"2022";"Rautavaara";"0 vuotta";0
"2022";"Rautavaara";"1 vuotta";0
"2022";"Rautavaara";"2 vuotta";0
"2022";"Rautavaara";"3 vuotta";0
"2022";"Rautavaara";"4 vuotta";0
"2022";"Rautavaara";"5 vuotta";1
"2022";"Rautavaara";"6 vuotta";0
"2022";"Rautavaara";"7 vuotta ja yli";0
"2022";"Rautjärvi";"Yhteensä";6
"2022";"Rautjärvi";"0 vuotta";1
"2022";"Rautjärvi";"1 vuotta";2
"2022";"Rautjärvi";"2 vuotta";0
"2022";"Rautjärvi";"3 vuotta";1
"2022";"Rautjärvi";"4 vuotta";0
"2022";"Rautjärvi";"5 vuotta";1
"2022";"Rautjärvi";"6 vuotta";1
"2022";"Rautjärvi";"7 vuotta ja yli";0
"2022";"Reisjärvi";"Yhteensä";1
"2022";"Reisjärvi";"0 vuotta";0
"2022";"Reisjärvi";"1 vuotta";0
"2022";"Reisjärvi";"2 vuotta";0
"2022";"Reisjärvi";"3 vuotta";1
"2022";"Reisjärvi";"4 vuotta";0
"2022";"Reisjärvi";"5 vuotta";0
"2022";"Reisjärvi";"6 vuotta";0
"2022";"Reisjärvi";"7 vuotta ja yli";0
"2022";"Riihimäki";"Yhteensä";100
"2022";"Riihimäki";"0 vuotta";0
"2022";"Riihimäki";"1 vuotta";5
"2022";"Riihimäki";"2 vuotta";11
"2022";"Riihimäki";"3 vuotta";19
"2022";"Riihimäki";"4 vuotta";22
"2022";"Riihimäki";"5 vuotta";19
"2022";"Riihimäki";"6 vuotta";21
"2022";"Riihimäki";"7 vuotta ja yli";3
"2022";"Ristijärvi";"Yhteensä";1
"2022";"Ristijärvi";"0 vuotta";0
"2022";"Ristijärvi";"1 vuotta";0
"2022";"Ristijärvi";"2 vuotta";0
"2022";"Ristijärvi";"3 vuotta";0
"2022";"Ristijärvi";"4 vuotta";0
"2022";"Ristijärvi";"5 vuotta";1
"2022";"Ristijärvi";"6 vuotta";0
"2022";"Ristijärvi";"7 vuotta ja yli";0
"2022";"Rovaniemi";"Yhteensä";154
"2022";"Rovaniemi";"0 vuotta";0
"2022";"Rovaniemi";"1 vuotta";15
"2022";"Rovaniemi";"2 vuotta";19
"2022";"Rovaniemi";"3 vuotta";36
"2022";"Rovaniemi";"4 vuotta";30
"2022";"Rovaniemi";"5 vuotta";26
"2022";"Rovaniemi";"6 vuotta";28
"2022";"Rovaniemi";"7 vuotta ja yli";0
"2022";"Ruokolahti";"Yhteensä";2
"2022";"Ruokolahti";"0 vuotta";0
"2022";"Ruokolahti";"1 vuotta";0
"2022";"Ruokolahti";"2 vuotta";0
"2022";"Ruokolahti";"3 vuotta";1
"2022";"Ruokolahti";"4 vuotta";0
"2022";"Ruokolahti";"5 vuotta";0
"2022";"Ruokolahti";"6 vuotta";1
"2022";"Ruokolahti";"7 vuotta ja yli";0
"2022";"Ruovesi";"Yhteensä";3
"2022";"Ruovesi";"0 vuotta";0
"2022";"Ruovesi";"1 vuotta";0
"2022";"Ruovesi";"2 vuotta";0
"2022";"Ruovesi";"3 vuotta";0
"2022";"Ruovesi";"4 vuotta";2
"2022";"Ruovesi";"5 vuotta";1
"2022";"Ruovesi";"6 vuotta";0
"2022";"Ruovesi";"7 vuotta ja yli";0
"2022";"Rusko";"Yhteensä";22
"2022";"Rusko";"0 vuotta";0
"2022";"Rusko";"1 vuotta";0
"2022";"Rusko";"2 vuotta";4
"2022";"Rusko";"3 vuotta";3
"2022";"Rusko";"4 vuotta";4
"2022";"Rusko";"5 vuotta";3
"2022";"Rusko";"6 vuotta";7
"2022";"Rusko";"7 vuotta ja yli";1
"2022";"Rääkkylä";"Yhteensä";0
"2022";"Rääkkylä";"0 vuotta";0
"2022";"Rääkkylä";"1 vuotta";0
"2022";"Rääkkylä";"2 vuotta";0
"2022";"Rääkkylä";"3 vuotta";0
"2022";"Rääkkylä";"4 vuotta";0
"2022";"Rääkkylä";"5 vuotta";0
"2022";"Rääkkylä";"6 vuotta";0
"2022";"Rääkkylä";"7 vuotta ja yli";0
"2022";"Saarijärvi";"Yhteensä";1
"2022";"Saarijärvi";"0 vuotta";0
"2022";"Saarijärvi";"1 vuotta";0
"2022";"Saarijärvi";"2 vuotta";1
"2022";"Saarijärvi";"3 vuotta";0
"2022";"Saarijärvi";"4 vuotta";0
"2022";"Saarijärvi";"5 vuotta";0
"2022";"Saarijärvi";"6 vuotta";0
"2022";"Saarijärvi";"7 vuotta ja yli";0
"2022";"Salla";"Yhteensä";0
"2022";"Salla";"0 vuotta";0
"2022";"Salla";"1 vuotta";0
"2022";"Salla";"2 vuotta";0
"2022";"Salla";"3 vuotta";0
"2022";"Salla";"4 vuotta";0
"2022";"Salla";"5 vuotta";0
"2022";"Salla";"6 vuotta";0
"2022";"Salla";"7 vuotta ja yli";0
"2022";"Salo";"Yhteensä";186
"2022";"Salo";"0 vuotta";1
"2022";"Salo";"1 vuotta";10
"2022";"Salo";"2 vuotta";33
"2022";"Salo";"3 vuotta";37
"2022";"Salo";"4 vuotta";41
"2022";"Salo";"5 vuotta";30
"2022";"Salo";"6 vuotta";34
"2022";"Salo";"7 vuotta ja yli";0
"2022";"Saltvik";"Yhteensä";0
"2022";"Saltvik";"0 vuotta";0
"2022";"Saltvik";"1 vuotta";0
"2022";"Saltvik";"2 vuotta";0
"2022";"Saltvik";"3 vuotta";0
"2022";"Saltvik";"4 vuotta";0
"2022";"Saltvik";"5 vuotta";0
"2022";"Saltvik";"6 vuotta";0
"2022";"Saltvik";"7 vuotta ja yli";0
"2022";"Sastamala";"Yhteensä";21
"2022";"Sastamala";"0 vuotta";0
"2022";"Sastamala";"1 vuotta";2
"2022";"Sastamala";"2 vuotta";0
"2022";"Sastamala";"3 vuotta";5
"2022";"Sastamala";"4 vuotta";2
"2022";"Sastamala";"5 vuotta";3
"2022";"Sastamala";"6 vuotta";8
"2022";"Sastamala";"7 vuotta ja yli";1
"2022";"Sauvo";"Yhteensä";3
"2022";"Sauvo";"0 vuotta";0
"2022";"Sauvo";"1 vuotta";0
"2022";"Sauvo";"2 vuotta";2
"2022";"Sauvo";"3 vuotta";0
"2022";"Sauvo";"4 vuotta";1
"2022";"Sauvo";"5 vuotta";0
"2022";"Sauvo";"6 vuotta";0
"2022";"Sauvo";"7 vuotta ja yli";0
"2022";"Savitaipale";"Yhteensä";0
"2022";"Savitaipale";"0 vuotta";0
"2022";"Savitaipale";"1 vuotta";0
"2022";"Savitaipale";"2 vuotta";0
"2022";"Savitaipale";"3 vuotta";0
"2022";"Savitaipale";"4 vuotta";0
"2022";"Savitaipale";"5 vuotta";0
"2022";"Savitaipale";"6 vuotta";0
"2022";"Savitaipale";"7 vuotta ja yli";0
"2022";"Savonlinna";"Yhteensä";54
"2022";"Savonlinna";"0 vuotta";0
"2022";"Savonlinna";"1 vuotta";3
"2022";"Savonlinna";"2 vuotta";4
"2022";"Savonlinna";"3 vuotta";11
"2022";"Savonlinna";"4 vuotta";9
"2022";"Savonlinna";"5 vuotta";16
"2022";"Savonlinna";"6 vuotta";11
"2022";"Savonlinna";"7 vuotta ja yli";0
"2022";"Savukoski";"Yhteensä";2
"2022";"Savukoski";"0 vuotta";0
"2022";"Savukoski";"1 vuotta";0
"2022";"Savukoski";"2 vuotta";1
"2022";"Savukoski";"3 vuotta";1
"2022";"Savukoski";"4 vuotta";0
"2022";"Savukoski";"5 vuotta";0
"2022";"Savukoski";"6 vuotta";0
"2022";"Savukoski";"7 vuotta ja yli";0
"2022";"Seinäjoki";"Yhteensä";163
"2022";"Seinäjoki";"0 vuotta";1
"2022";"Seinäjoki";"1 vuotta";17
"2022";"Seinäjoki";"2 vuotta";18
"2022";"Seinäjoki";"3 vuotta";28
"2022";"Seinäjoki";"4 vuotta";31
"2022";"Seinäjoki";"5 vuotta";34
"2022";"Seinäjoki";"6 vuotta";31
"2022";"Seinäjoki";"7 vuotta ja yli";3
"2022";"Sievi";"Yhteensä";0
"2022";"Sievi";"0 vuotta";0
"2022";"Sievi";"1 vuotta";0
"2022";"Sievi";"2 vuotta";0
"2022";"Sievi";"3 vuotta";0
"2022";"Sievi";"4 vuotta";0
"2022";"Sievi";"5 vuotta";0
"2022";"Sievi";"6 vuotta";0
"2022";"Sievi";"7 vuotta ja yli";0
"2022";"Siikainen";"Yhteensä";0
"2022";"Siikainen";"0 vuotta";0
"2022";"Siikainen";"1 vuotta";0
"2022";"Siikainen";"2 vuotta";0
"2022";"Siikainen";"3 vuotta";0
"2022";"Siikainen";"4 vuotta";0
"2022";"Siikainen";"5 vuotta";0
"2022";"Siikainen";"6 vuotta";0
"2022";"Siikainen";"7 vuotta ja yli";0
"2022";"Siikajoki";"Yhteensä";4
"2022";"Siikajoki";"0 vuotta";0
"2022";"Siikajoki";"1 vuotta";1
"2022";"Siikajoki";"2 vuotta";0
"2022";"Siikajoki";"3 vuotta";1
"2022";"Siikajoki";"4 vuotta";1
"2022";"Siikajoki";"5 vuotta";1
"2022";"Siikajoki";"6 vuotta";0
"2022";"Siikajoki";"7 vuotta ja yli";0
"2022";"Siikalatva";"Yhteensä";1
"2022";"Siikalatva";"0 vuotta";0
"2022";"Siikalatva";"1 vuotta";0
"2022";"Siikalatva";"2 vuotta";0
"2022";"Siikalatva";"3 vuotta";1
"2022";"Siikalatva";"4 vuotta";0
"2022";"Siikalatva";"5 vuotta";0
"2022";"Siikalatva";"6 vuotta";0
"2022";"Siikalatva";"7 vuotta ja yli";0
"2022";"Siilinjärvi";"Yhteensä";14
"2022";"Siilinjärvi";"0 vuotta";0
"2022";"Siilinjärvi";"1 vuotta";1
"2022";"Siilinjärvi";"2 vuotta";3
"2022";"Siilinjärvi";"3 vuotta";0
"2022";"Siilinjärvi";"4 vuotta";3
"2022";"Siilinjärvi";"5 vuotta";3
"2022";"Siilinjärvi";"6 vuotta";4
"2022";"Siilinjärvi";"7 vuotta ja yli";0
"2022";"Simo";"Yhteensä";0
"2022";"Simo";"0 vuotta";0
"2022";"Simo";"1 vuotta";0
"2022";"Simo";"2 vuotta";0
"2022";"Simo";"3 vuotta";0
"2022";"Simo";"4 vuotta";0
"2022";"Simo";"5 vuotta";0
"2022";"Simo";"6 vuotta";0
"2022";"Simo";"7 vuotta ja yli";0
"2022";"Sipoo";"Yhteensä";50
"2022";"Sipoo";"0 vuotta";0
"2022";"Sipoo";"1 vuotta";2
"2022";"Sipoo";"2 vuotta";7
"2022";"Sipoo";"3 vuotta";6
"2022";"Sipoo";"4 vuotta";12
"2022";"Sipoo";"5 vuotta";10
"2022";"Sipoo";"6 vuotta";13
"2022";"Sipoo";"7 vuotta ja yli";0
"2022";"Siuntio";"Yhteensä";25
"2022";"Siuntio";"0 vuotta";0
"2022";"Siuntio";"1 vuotta";4
"2022";"Siuntio";"2 vuotta";1
"2022";"Siuntio";"3 vuotta";3
"2022";"Siuntio";"4 vuotta";4
"2022";"Siuntio";"5 vuotta";5
"2022";"Siuntio";"6 vuotta";8
"2022";"Siuntio";"7 vuotta ja yli";0
"2022";"Sodankylä";"Yhteensä";3
"2022";"Sodankylä";"0 vuotta";0
"2022";"Sodankylä";"1 vuotta";1
"2022";"Sodankylä";"2 vuotta";2
"2022";"Sodankylä";"3 vuotta";0
"2022";"Sodankylä";"4 vuotta";0
"2022";"Sodankylä";"5 vuotta";0
"2022";"Sodankylä";"6 vuotta";0
"2022";"Sodankylä";"7 vuotta ja yli";0
"2022";"Soini";"Yhteensä";2
"2022";"Soini";"0 vuotta";0
"2022";"Soini";"1 vuotta";0
"2022";"Soini";"2 vuotta";0
"2022";"Soini";"3 vuotta";1
"2022";"Soini";"4 vuotta";1
"2022";"Soini";"5 vuotta";0
"2022";"Soini";"6 vuotta";0
"2022";"Soini";"7 vuotta ja yli";0
"2022";"Somero";"Yhteensä";34
"2022";"Somero";"0 vuotta";0
"2022";"Somero";"1 vuotta";4
"2022";"Somero";"2 vuotta";4
"2022";"Somero";"3 vuotta";1
"2022";"Somero";"4 vuotta";10
"2022";"Somero";"5 vuotta";9
"2022";"Somero";"6 vuotta";5
"2022";"Somero";"7 vuotta ja yli";1
"2022";"Sonkajärvi";"Yhteensä";2
"2022";"Sonkajärvi";"0 vuotta";0
"2022";"Sonkajärvi";"1 vuotta";0
"2022";"Sonkajärvi";"2 vuotta";1
"2022";"Sonkajärvi";"3 vuotta";0
"2022";"Sonkajärvi";"4 vuotta";0
"2022";"Sonkajärvi";"5 vuotta";1
"2022";"Sonkajärvi";"6 vuotta";0
"2022";"Sonkajärvi";"7 vuotta ja yli";0
"2022";"Sotkamo";"Yhteensä";25
"2022";"Sotkamo";"0 vuotta";1
"2022";"Sotkamo";"1 vuotta";2
"2022";"Sotkamo";"2 vuotta";1
"2022";"Sotkamo";"3 vuotta";1
"2022";"Sotkamo";"4 vuotta";5
"2022";"Sotkamo";"5 vuotta";7
"2022";"Sotkamo";"6 vuotta";7
"2022";"Sotkamo";"7 vuotta ja yli";1
"2022";"Sottunga";"Yhteensä";0
"2022";"Sottunga";"0 vuotta";0
"2022";"Sottunga";"1 vuotta";0
"2022";"Sottunga";"2 vuotta";0
"2022";"Sottunga";"3 vuotta";0
"2022";"Sottunga";"4 vuotta";0
"2022";"Sottunga";"5 vuotta";0
"2022";"Sottunga";"6 vuotta";0
"2022";"Sottunga";"7 vuotta ja yli";0
"2022";"Sulkava";"Yhteensä";0
"2022";"Sulkava";"0 vuotta";0
"2022";"Sulkava";"1 vuotta";0
"2022";"Sulkava";"2 vuotta";0
"2022";"Sulkava";"3 vuotta";0
"2022";"Sulkava";"4 vuotta";0
"2022";"Sulkava";"5 vuotta";0
"2022";"Sulkava";"6 vuotta";0
"2022";"Sulkava";"7 vuotta ja yli";0
"2022";"Sund";"Yhteensä";0
"2022";"Sund";"0 vuotta";0
"2022";"Sund";"1 vuotta";0
"2022";"Sund";"2 vuotta";0
"2022";"Sund";"3 vuotta";0
"2022";"Sund";"4 vuotta";0
"2022";"Sund";"5 vuotta";0
"2022";"Sund";"6 vuotta";0
"2022";"Sund";"7 vuotta ja yli";0
"2022";"Suomussalmi";"Yhteensä";12
"2022";"Suomussalmi";"0 vuotta";0
"2022";"Suomussalmi";"1 vuotta";0
"2022";"Suomussalmi";"2 vuotta";2
"2022";"Suomussalmi";"3 vuotta";1
"2022";"Suomussalmi";"4 vuotta";4
"2022";"Suomussalmi";"5 vuotta";3
"2022";"Suomussalmi";"6 vuotta";2
"2022";"Suomussalmi";"7 vuotta ja yli";0
"2022";"Suonenjoki";"Yhteensä";9
"2022";"Suonenjoki";"0 vuotta";0
"2022";"Suonenjoki";"1 vuotta";1
"2022";"Suonenjoki";"2 vuotta";0
"2022";"Suonenjoki";"3 vuotta";3
"2022";"Suonenjoki";"4 vuotta";2
"2022";"Suonenjoki";"5 vuotta";0
"2022";"Suonenjoki";"6 vuotta";3
"2022";"Suonenjoki";"7 vuotta ja yli";0
"2022";"Sysmä";"Yhteensä";3
"2022";"Sysmä";"0 vuotta";0
"2022";"Sysmä";"1 vuotta";0
"2022";"Sysmä";"2 vuotta";1
"2022";"Sysmä";"3 vuotta";1
"2022";"Sysmä";"4 vuotta";1
"2022";"Sysmä";"5 vuotta";0
"2022";"Sysmä";"6 vuotta";0
"2022";"Sysmä";"7 vuotta ja yli";0
"2022";"Säkylä";"Yhteensä";7
"2022";"Säkylä";"0 vuotta";0
"2022";"Säkylä";"1 vuotta";1
"2022";"Säkylä";"2 vuotta";2
"2022";"Säkylä";"3 vuotta";1
"2022";"Säkylä";"4 vuotta";2
"2022";"Säkylä";"5 vuotta";0
"2022";"Säkylä";"6 vuotta";1
"2022";"Säkylä";"7 vuotta ja yli";0
"2022";"Taipalsaari";"Yhteensä";15
"2022";"Taipalsaari";"0 vuotta";0
"2022";"Taipalsaari";"1 vuotta";0
"2022";"Taipalsaari";"2 vuotta";0
"2022";"Taipalsaari";"3 vuotta";5
"2022";"Taipalsaari";"4 vuotta";5
"2022";"Taipalsaari";"5 vuotta";3
"2022";"Taipalsaari";"6 vuotta";2
"2022";"Taipalsaari";"7 vuotta ja yli";0
"2022";"Taivalkoski";"Yhteensä";5
"2022";"Taivalkoski";"0 vuotta";0
"2022";"Taivalkoski";"1 vuotta";1
"2022";"Taivalkoski";"2 vuotta";0
"2022";"Taivalkoski";"3 vuotta";0
"2022";"Taivalkoski";"4 vuotta";2
"2022";"Taivalkoski";"5 vuotta";2
"2022";"Taivalkoski";"6 vuotta";0
"2022";"Taivalkoski";"7 vuotta ja yli";0
"2022";"Taivassalo";"Yhteensä";7
"2022";"Taivassalo";"0 vuotta";0
"2022";"Taivassalo";"1 vuotta";1
"2022";"Taivassalo";"2 vuotta";1
"2022";"Taivassalo";"3 vuotta";0
"2022";"Taivassalo";"4 vuotta";1
"2022";"Taivassalo";"5 vuotta";2
"2022";"Taivassalo";"6 vuotta";2
"2022";"Taivassalo";"7 vuotta ja yli";0
"2022";"Tammela";"Yhteensä";3
"2022";"Tammela";"0 vuotta";0
"2022";"Tammela";"1 vuotta";0
"2022";"Tammela";"2 vuotta";2
"2022";"Tammela";"3 vuotta";0
"2022";"Tammela";"4 vuotta";0
"2022";"Tammela";"5 vuotta";0
"2022";"Tammela";"6 vuotta";1
"2022";"Tammela";"7 vuotta ja yli";0
"2022";"Tampere";"Yhteensä";1046
"2022";"Tampere";"0 vuotta";4
"2022";"Tampere";"1 vuotta";90
"2022";"Tampere";"2 vuotta";180
"2022";"Tampere";"3 vuotta";220
"2022";"Tampere";"4 vuotta";264
"2022";"Tampere";"5 vuotta";270
"2022";"Tampere";"6 vuotta";18
"2022";"Tampere";"7 vuotta ja yli";0
"2022";"Tervo";"Yhteensä";0
"2022";"Tervo";"0 vuotta";0
"2022";"Tervo";"1 vuotta";0
"2022";"Tervo";"2 vuotta";0
"2022";"Tervo";"3 vuotta";0
"2022";"Tervo";"4 vuotta";0
"2022";"Tervo";"5 vuotta";0
"2022";"Tervo";"6 vuotta";0
"2022";"Tervo";"7 vuotta ja yli";0
"2022";"Tervola";"Yhteensä";6
"2022";"Tervola";"0 vuotta";0
"2022";"Tervola";"1 vuotta";1
"2022";"Tervola";"2 vuotta";0
"2022";"Tervola";"3 vuotta";3
"2022";"Tervola";"4 vuotta";1
"2022";"Tervola";"5 vuotta";0
"2022";"Tervola";"6 vuotta";1
"2022";"Tervola";"7 vuotta ja yli";0
"2022";"Teuva";"Yhteensä";5
"2022";"Teuva";"0 vuotta";0
"2022";"Teuva";"1 vuotta";1
"2022";"Teuva";"2 vuotta";0
"2022";"Teuva";"3 vuotta";2
"2022";"Teuva";"4 vuotta";0
"2022";"Teuva";"5 vuotta";0
"2022";"Teuva";"6 vuotta";1
"2022";"Teuva";"7 vuotta ja yli";1
"2022";"Tohmajärvi";"Yhteensä";2
"2022";"Tohmajärvi";"0 vuotta";0
"2022";"Tohmajärvi";"1 vuotta";0
"2022";"Tohmajärvi";"2 vuotta";0
"2022";"Tohmajärvi";"3 vuotta";0
"2022";"Tohmajärvi";"4 vuotta";0
"2022";"Tohmajärvi";"5 vuotta";1
"2022";"Tohmajärvi";"6 vuotta";1
"2022";"Tohmajärvi";"7 vuotta ja yli";0
"2022";"Toholampi";"Yhteensä";1
"2022";"Toholampi";"0 vuotta";0
"2022";"Toholampi";"1 vuotta";0
"2022";"Toholampi";"2 vuotta";0
"2022";"Toholampi";"3 vuotta";0
"2022";"Toholampi";"4 vuotta";0
"2022";"Toholampi";"5 vuotta";1
"2022";"Toholampi";"6 vuotta";0
"2022";"Toholampi";"7 vuotta ja yli";0
"2022";"Toivakka";"Yhteensä";3
"2022";"Toivakka";"0 vuotta";0
"2022";"Toivakka";"1 vuotta";0
"2022";"Toivakka";"2 vuotta";1
"2022";"Toivakka";"3 vuotta";1
"2022";"Toivakka";"4 vuotta";0
"2022";"Toivakka";"5 vuotta";1
"2022";"Toivakka";"6 vuotta";0
"2022";"Toivakka";"7 vuotta ja yli";0
"2022";"Tornio";"Yhteensä";30
"2022";"Tornio";"0 vuotta";0
"2022";"Tornio";"1 vuotta";1
"2022";"Tornio";"2 vuotta";5
"2022";"Tornio";"3 vuotta";1
"2022";"Tornio";"4 vuotta";9
"2022";"Tornio";"5 vuotta";1
"2022";"Tornio";"6 vuotta";12
"2022";"Tornio";"7 vuotta ja yli";1
"2022";"Turku";"Yhteensä";1612
"2022";"Turku";"0 vuotta";4
"2022";"Turku";"1 vuotta";111
"2022";"Turku";"2 vuotta";196
"2022";"Turku";"3 vuotta";285
"2022";"Turku";"4 vuotta";328
"2022";"Turku";"5 vuotta";345
"2022";"Turku";"6 vuotta";340
"2022";"Turku";"7 vuotta ja yli";3
"2022";"Tuusniemi";"Yhteensä";0
"2022";"Tuusniemi";"0 vuotta";0
"2022";"Tuusniemi";"1 vuotta";0
"2022";"Tuusniemi";"2 vuotta";0
"2022";"Tuusniemi";"3 vuotta";0
"2022";"Tuusniemi";"4 vuotta";0
"2022";"Tuusniemi";"5 vuotta";0
"2022";"Tuusniemi";"6 vuotta";0
"2022";"Tuusniemi";"7 vuotta ja yli";0
"2022";"Tuusula";"Yhteensä";176
"2022";"Tuusula";"0 vuotta";1
"2022";"Tuusula";"1 vuotta";19
"2022";"Tuusula";"2 vuotta";21
"2022";"Tuusula";"3 vuotta";26
"2022";"Tuusula";"4 vuotta";40
"2022";"Tuusula";"5 vuotta";34
"2022";"Tuusula";"6 vuotta";33
"2022";"Tuusula";"7 vuotta ja yli";2
"2022";"Tyrnävä";"Yhteensä";1
"2022";"Tyrnävä";"0 vuotta";0
"2022";"Tyrnävä";"1 vuotta";0
"2022";"Tyrnävä";"2 vuotta";0
"2022";"Tyrnävä";"3 vuotta";0
"2022";"Tyrnävä";"4 vuotta";0
"2022";"Tyrnävä";"5 vuotta";1
"2022";"Tyrnävä";"6 vuotta";0
"2022";"Tyrnävä";"7 vuotta ja yli";0
"2022";"Ulvila";"Yhteensä";16
"2022";"Ulvila";"0 vuotta";0
"2022";"Ulvila";"1 vuotta";4
"2022";"Ulvila";"2 vuotta";0
"2022";"Ulvila";"3 vuotta";2
"2022";"Ulvila";"4 vuotta";1
"2022";"Ulvila";"5 vuotta";7
"2022";"Ulvila";"6 vuotta";2
"2022";"Ulvila";"7 vuotta ja yli";0
"2022";"Urjala";"Yhteensä";3
"2022";"Urjala";"0 vuotta";0
"2022";"Urjala";"1 vuotta";2
"2022";"Urjala";"2 vuotta";0
"2022";"Urjala";"3 vuotta";0
"2022";"Urjala";"4 vuotta";1
"2022";"Urjala";"5 vuotta";0
"2022";"Urjala";"6 vuotta";0
"2022";"Urjala";"7 vuotta ja yli";0
"2022";"Utajärvi";"Yhteensä";8
"2022";"Utajärvi";"0 vuotta";0
"2022";"Utajärvi";"1 vuotta";1
"2022";"Utajärvi";"2 vuotta";2
"2022";"Utajärvi";"3 vuotta";2
"2022";"Utajärvi";"4 vuotta";1
"2022";"Utajärvi";"5 vuotta";2
"2022";"Utajärvi";"6 vuotta";0
"2022";"Utajärvi";"7 vuotta ja yli";0
"2022";"Utsjoki";"Yhteensä";1
"2022";"Utsjoki";"0 vuotta";0
"2022";"Utsjoki";"1 vuotta";0
"2022";"Utsjoki";"2 vuotta";0
"2022";"Utsjoki";"3 vuotta";0
"2022";"Utsjoki";"4 vuotta";0
"2022";"Utsjoki";"5 vuotta";1
"2022";"Utsjoki";"6 vuotta";0
"2022";"Utsjoki";"7 vuotta ja yli";0
"2022";"Uurainen";"Yhteensä";0
"2022";"Uurainen";"0 vuotta";0
"2022";"Uurainen";"1 vuotta";0
"2022";"Uurainen";"2 vuotta";0
"2022";"Uurainen";"3 vuotta";0
"2022";"Uurainen";"4 vuotta";0
"2022";"Uurainen";"5 vuotta";0
"2022";"Uurainen";"6 vuotta";0
"2022";"Uurainen";"7 vuotta ja yli";0
"2022";"Uusikaarlepyy";"Yhteensä";37
"2022";"Uusikaarlepyy";"0 vuotta";0
"2022";"Uusikaarlepyy";"1 vuotta";3
"2022";"Uusikaarlepyy";"2 vuotta";8
"2022";"Uusikaarlepyy";"3 vuotta";10
"2022";"Uusikaarlepyy";"4 vuotta";9
"2022";"Uusikaarlepyy";"5 vuotta";7
"2022";"Uusikaarlepyy";"6 vuotta";0
"2022";"Uusikaarlepyy";"7 vuotta ja yli";0
"2022";"Uusikaupunki";"Yhteensä";97
"2022";"Uusikaupunki";"0 vuotta";0
"2022";"Uusikaupunki";"1 vuotta";6
"2022";"Uusikaupunki";"2 vuotta";27
"2022";"Uusikaupunki";"3 vuotta";18
"2022";"Uusikaupunki";"4 vuotta";16
"2022";"Uusikaupunki";"5 vuotta";13
"2022";"Uusikaupunki";"6 vuotta";16
"2022";"Uusikaupunki";"7 vuotta ja yli";1
"2022";"Vaala";"Yhteensä";4
"2022";"Vaala";"0 vuotta";0
"2022";"Vaala";"1 vuotta";0
"2022";"Vaala";"2 vuotta";0
"2022";"Vaala";"3 vuotta";0
"2022";"Vaala";"4 vuotta";1
"2022";"Vaala";"5 vuotta";2
"2022";"Vaala";"6 vuotta";1
"2022";"Vaala";"7 vuotta ja yli";0
"2022";"Vaasa";"Yhteensä";471
"2022";"Vaasa";"0 vuotta";3
"2022";"Vaasa";"1 vuotta";39
"2022";"Vaasa";"2 vuotta";76
"2022";"Vaasa";"3 vuotta";72
"2022";"Vaasa";"4 vuotta";90
"2022";"Vaasa";"5 vuotta";77
"2022";"Vaasa";"6 vuotta";110
"2022";"Vaasa";"7 vuotta ja yli";4
"2022";"Valkeakoski";"Yhteensä";37
"2022";"Valkeakoski";"0 vuotta";0
"2022";"Valkeakoski";"1 vuotta";5
"2022";"Valkeakoski";"2 vuotta";1
"2022";"Valkeakoski";"3 vuotta";6
"2022";"Valkeakoski";"4 vuotta";10
"2022";"Valkeakoski";"5 vuotta";6
"2022";"Valkeakoski";"6 vuotta";9
"2022";"Valkeakoski";"7 vuotta ja yli";0
"2022";"Vantaa";"Yhteensä";3986
"2022";"Vantaa";"0 vuotta";4
"2022";"Vantaa";"1 vuotta";253
"2022";"Vantaa";"2 vuotta";523
"2022";"Vantaa";"3 vuotta";680
"2022";"Vantaa";"4 vuotta";851
"2022";"Vantaa";"5 vuotta";805
"2022";"Vantaa";"6 vuotta";851
"2022";"Vantaa";"7 vuotta ja yli";19
"2022";"Varkaus";"Yhteensä";37
"2022";"Varkaus";"0 vuotta";0
"2022";"Varkaus";"1 vuotta";0
"2022";"Varkaus";"2 vuotta";5
"2022";"Varkaus";"3 vuotta";8
"2022";"Varkaus";"4 vuotta";6
"2022";"Varkaus";"5 vuotta";12
"2022";"Varkaus";"6 vuotta";6
"2022";"Varkaus";"7 vuotta ja yli";0
"2022";"Vehmaa";"Yhteensä";6
"2022";"Vehmaa";"0 vuotta";0
"2022";"Vehmaa";"1 vuotta";0
"2022";"Vehmaa";"2 vuotta";1
"2022";"Vehmaa";"3 vuotta";4
"2022";"Vehmaa";"4 vuotta";1
"2022";"Vehmaa";"5 vuotta";0
"2022";"Vehmaa";"6 vuotta";0
"2022";"Vehmaa";"7 vuotta ja yli";0
"2022";"Vesanto";"Yhteensä";0
"2022";"Vesanto";"0 vuotta";0
"2022";"Vesanto";"1 vuotta";0
"2022";"Vesanto";"2 vuotta";0
"2022";"Vesanto";"3 vuotta";0
"2022";"Vesanto";"4 vuotta";0
"2022";"Vesanto";"5 vuotta";0
"2022";"Vesanto";"6 vuotta";0
"2022";"Vesanto";"7 vuotta ja yli";0
"2022";"Vesilahti";"Yhteensä";4
"2022";"Vesilahti";"0 vuotta";0
"2022";"Vesilahti";"1 vuotta";0
"2022";"Vesilahti";"2 vuotta";0
"2022";"Vesilahti";"3 vuotta";0
"2022";"Vesilahti";"4 vuotta";0
"2022";"Vesilahti";"5 vuotta";2
"2022";"Vesilahti";"6 vuotta";2
"2022";"Vesilahti";"7 vuotta ja yli";0
"2022";"Veteli";"Yhteensä";2
"2022";"Veteli";"0 vuotta";0
"2022";"Veteli";"1 vuotta";0
"2022";"Veteli";"2 vuotta";1
"2022";"Veteli";"3 vuotta";1
"2022";"Veteli";"4 vuotta";0
"2022";"Veteli";"5 vuotta";0
"2022";"Veteli";"6 vuotta";0
"2022";"Veteli";"7 vuotta ja yli";0
"2022";"Vieremä";"Yhteensä";10
"2022";"Vieremä";"0 vuotta";0
"2022";"Vieremä";"1 vuotta";1
"2022";"Vieremä";"2 vuotta";3
"2022";"Vieremä";"3 vuotta";0
"2022";"Vieremä";"4 vuotta";4
"2022";"Vieremä";"5 vuotta";2
"2022";"Vieremä";"6 vuotta";0
"2022";"Vieremä";"7 vuotta ja yli";0
"2022";"Vihti";"Yhteensä";105
"2022";"Vihti";"0 vuotta";0
"2022";"Vihti";"1 vuotta";5
"2022";"Vihti";"2 vuotta";13
"2022";"Vihti";"3 vuotta";26
"2022";"Vihti";"4 vuotta";24
"2022";"Vihti";"5 vuotta";15
"2022";"Vihti";"6 vuotta";21
"2022";"Vihti";"7 vuotta ja yli";1
"2022";"Viitasaari";"Yhteensä";8
"2022";"Viitasaari";"0 vuotta";0
"2022";"Viitasaari";"1 vuotta";0
"2022";"Viitasaari";"2 vuotta";1
"2022";"Viitasaari";"3 vuotta";0
"2022";"Viitasaari";"4 vuotta";4
"2022";"Viitasaari";"5 vuotta";3
"2022";"Viitasaari";"6 vuotta";0
"2022";"Viitasaari";"7 vuotta ja yli";0
"2022";"Vimpeli";"Yhteensä";0
"2022";"Vimpeli";"0 vuotta";0
"2022";"Vimpeli";"1 vuotta";0
"2022";"Vimpeli";"2 vuotta";0
"2022";"Vimpeli";"3 vuotta";0
"2022";"Vimpeli";"4 vuotta";0
"2022";"Vimpeli";"5 vuotta";0
"2022";"Vimpeli";"6 vuotta";0
"2022";"Vimpeli";"7 vuotta ja yli";0
"2022";"Virolahti";"Yhteensä";5
"2022";"Virolahti";"0 vuotta";0
"2022";"Virolahti";"1 vuotta";1
"2022";"Virolahti";"2 vuotta";1
"2022";"Virolahti";"3 vuotta";0
"2022";"Virolahti";"4 vuotta";1
"2022";"Virolahti";"5 vuotta";1
"2022";"Virolahti";"6 vuotta";1
"2022";"Virolahti";"7 vuotta ja yli";0
"2022";"Virrat";"Yhteensä";9
"2022";"Virrat";"0 vuotta";0
"2022";"Virrat";"1 vuotta";0
"2022";"Virrat";"2 vuotta";2
"2022";"Virrat";"3 vuotta";1
"2022";"Virrat";"4 vuotta";1
"2022";"Virrat";"5 vuotta";3
"2022";"Virrat";"6 vuotta";2
"2022";"Virrat";"7 vuotta ja yli";0
"2022";"Vårdö";"Yhteensä";0
"2022";"Vårdö";"0 vuotta";0
"2022";"Vårdö";"1 vuotta";0
"2022";"Vårdö";"2 vuotta";0
"2022";"Vårdö";"3 vuotta";0
"2022";"Vårdö";"4 vuotta";0
"2022";"Vårdö";"5 vuotta";0
"2022";"Vårdö";"6 vuotta";0
"2022";"Vårdö";"7 vuotta ja yli";0
"2022";"Vöyri";"Yhteensä";35
"2022";"Vöyri";"0 vuotta";0
"2022";"Vöyri";"1 vuotta";3
"2022";"Vöyri";"2 vuotta";4
"2022";"Vöyri";"3 vuotta";8
"2022";"Vöyri";"4 vuotta";7
"2022";"Vöyri";"5 vuotta";9
"2022";"Vöyri";"6 vuotta";4
"2022";"Vöyri";"7 vuotta ja yli";0
"2022";"Ylitornio";"Yhteensä";7
"2022";"Ylitornio";"0 vuotta";0
"2022";"Ylitornio";"1 vuotta";1
"2022";"Ylitornio";"2 vuotta";1
"2022";"Ylitornio";"3 vuotta";2
"2022";"Ylitornio";"4 vuotta";1
"2022";"Ylitornio";"5 vuotta";1
"2022";"Ylitornio";"6 vuotta";1
"2022";"Ylitornio";"7 vuotta ja yli";0
"2022";"Ylivieska";"Yhteensä";19
"2022";"Ylivieska";"0 vuotta";0
"2022";"Ylivieska";"1 vuotta";2
"2022";"Ylivieska";"2 vuotta";4
"2022";"Ylivieska";"3 vuotta";1
"2022";"Ylivieska";"4 vuotta";1
"2022";"Ylivieska";"5 vuotta";5
"2022";"Ylivieska";"6 vuotta";5
"2022";"Ylivieska";"7 vuotta ja yli";1
"2022";"Ylöjärvi";"Yhteensä";59
"2022";"Ylöjärvi";"0 vuotta";0
"2022";"Ylöjärvi";"1 vuotta";6
"2022";"Ylöjärvi";"2 vuotta";4
"2022";"Ylöjärvi";"3 vuotta";11
"2022";"Ylöjärvi";"4 vuotta";6
"2022";"Ylöjärvi";"5 vuotta";13
"2022";"Ylöjärvi";"6 vuotta";18
"2022";"Ylöjärvi";"7 vuotta ja yli";1
"2022";"Ypäjä";"Yhteensä";3
"2022";"Ypäjä";"0 vuotta";0
"2022";"Ypäjä";"1 vuotta";0
"2022";"Ypäjä";"2 vuotta";2
"2022";"Ypäjä";"3 vuotta";0
"2022";"Ypäjä";"4 vuotta";1
"2022";"Ypäjä";"5 vuotta";0
"2022";"Ypäjä";"6 vuotta";0
"2022";"Ypäjä";"7 vuotta ja yli";0
"2022";"Ähtäri";"Yhteensä";4
"2022";"Ähtäri";"0 vuotta";0
"2022";"Ähtäri";"1 vuotta";0
"2022";"Ähtäri";"2 vuotta";1
"2022";"Ähtäri";"3 vuotta";2
"2022";"Ähtäri";"4 vuotta";1
"2022";"Ähtäri";"5 vuotta";0
"2022";"Ähtäri";"6 vuotta";0
"2022";"Ähtäri";"7 vuotta ja yli";0
"2022";"Äänekoski";"Yhteensä";8
"2022";"Äänekoski";"0 vuotta";0
"2022";"Äänekoski";"1 vuotta";0
"2022";"Äänekoski";"2 vuotta";1
"2022";"Äänekoski";"3 vuotta";1
"2022";"Äänekoski";"4 vuotta";2
"2022";"Äänekoski";"5 vuotta";1
"2022";"Äänekoski";"6 vuotta";3
"2022";"Äänekoski";"7 vuotta ja yli";0
